0021600001
0021600002
0021600003
0021600004
0021600005
0021600006
0021600007
0021600008
0021600010
0021600011
0021600012
0021600013
0021600014
0021600015
0021600016
0021600017
0021600018
0021600019
0021600020
0021600021
0021600022
0021600023
0021600024
0021600025
0021600026
0021600027
0021600028
0021600029
0021600030
0021600031
0021600032
0021600033
0021600034
0021600035
0021600036
0021600037
0021600038
0021600039
0021600040
0021600041
0021600042
0021600043
0021600044
0021600045
0021600046
0021600047
0021600048
0021600049
0021600050
0021600051
0021600052
0021600053
0021600054
0021600055
0021600056
0021600057
0021600058
0021600059
0021600060
0021600061
0021600062
0021600063
0021600064
0021600065
0021600066
0021600067
0021600068
0021600069
0021600070
0021600071
0021600072
0021600073
0021600074
0021600075
0021600076
0021600077
0021600078
0021600079
0021600080
0021600081
0021600082
0021600083
0021600084
0021600085
0021600086
0021600087
0021600088
0021600089
0021600090
0021600091
0021600092
0021600093
0021600094
0021600095
0021600096
0021600097
0021600098
0021600099
0021600100
0021600101
0021600102
0021600103
0021600104
0021600105
0021600106
0021600107
0021600108
0021600109
0021600110
0021600111
0021600112
0021600113
0021600114
0021600115
0021600116
0021600117
0021600119
0021600120
0021600121
0021600122
0021600123
0021600124
0021600125
0021600126
0021600127
0021600128
0021600129
0021600130
0021600131
0021600132
0021600133
0021600134
0021600135
0021600136
0021600137
0021600138
0021600139
0021600140
0021600141
0021600142
0021600143
0021600144
0021600145
0021600146
0021600147
0021600148
0021600149
0021600150
0021600151
0021600152
0021600153
0021600154
0021600155
0021600156
0021600157
0021600158
0021600159
0021600160
0021600161
0021600162
0021600163
0021600164
0021600165
0021600166
0021600167
0021600168
0021600169
0021600170
0021600171
0021600172
0021600173
0021600174
0021600175
0021600176
0021600177
0021600178
0021600179
0021600180
0021600181
0021600182
0021600183
0021600184
0021600185
0021600186
0021600187
0021600188
0021600189
0021600190
0021600191
0021600192
0021600193
0021600194
0021600195
0021600196
0021600197
0021600198
0021600199
0021600200
0021600201
0021600202
0021600203
0021600204
0021600205
0021600206
0021600207
0021600208
0021600209
0021600210
0021600211
0021600212
0021600213
0021600214
0021600215
0021600216
0021600217
0021600218
0021600219
0021600220
0021600221
0021600222
0021600223
0021600224
0021600225
0021600226
0021600227
0021600228
0021600229
0021600230
0021600231
0021600232
0021600233
0021600234
0021600235
0021600236
0021600237
0021600238
0021600239
0021600240
0021600241
0021600242
0021600243
0021600244
0021600245
0021600246
0021600247
0021600248
0021600249
0021600250
0021600251
0021600252
0021600253
0021600254
0021600255
0021600256
0021600257
0021600258
0021600259
0021600260
0021600261
0021600262
0021600263
0021600264
0021600265
0021600266
0021600267
0021600268
0021600269
0021600270
0021600271
0021600272
0021600273
0021600274
0021600275
0021600276
0021600277
0021600278
0021600279
0021600280
0021600281
0021600282
0021600283
0021600284
0021600285
0021600286
0021600287
0021600288
0021600289
0021600290
0021600291
0021600292
0021600293
0021600294
0021600295
0021600296
0021600297
0021600299
0021600300
0021600301
0021600302
0021600303
0021600304
0021600305
0021600306
0021600307
0021600308
0021600309
0021600310
0021600311
0021600312
0021600313
0021600314
0021600315
0021600316
0021600317
0021600318
0021600319
0021600320
0021600321
0021600322
0021600323
0021600324
0021600325
0021600326
0021600327
0021600328
0021600329
0021600330
0021600331
0021600332
0021600333
0021600334
0021600335
0021600336
0021600337
0021600338
0021600339
0021600340
0021600341
0021600342
0021600343
0021600344
0021600345
0021600346
0021600347
0021600348
0021600349
0021600350
0021600351
0021600352
0021600353
0021600354
0021600355
0021600356
0021600357
0021600358
0021600359
0021600360
0021600361
0021600362
0021600363
0021600364
0021600365
0021600366
0021600367
0021600368
0021600369
0021600370
0021600371
0021600372
0021600373
0021600374
0021600375
0021600376
0021600377
0021600378
0021600379
0021600380
0021600381
0021600382
0021600383
0021600384
0021600385
0021600386
0021600387
0021600388
0021600389
0021600390
0021600391
0021600392
0021600393
0021600394
0021600395
0021600396
0021600397
0021600398
0021600399
0021600400
0021600401
0021600402
0021600403
0021600404
0021600405
0021600406
0021600407
0021600408
0021600409
0021600410
0021600411
0021600412
0021600413
0021600414
0021600415
0021600416
0021600417
0021600418
0021600419
0021600420
0021600421
0021600422
0021600423
0021600424
0021600425
0021600426
0021600427
0021600428
0021600429
0021600430
0021600431
0021600432
0021600433
0021600434
0021600435
0021600436
0021600437
0021600438
0021600439
0021600440
0021600441
0021600442
0021600443
0021600444
0021600445
0021600446
0021600447
0021600448
0021600449
0021600450
0021600451
0021600452
0021600453
0021600454
0021600455
0021600456
0021600457
0021600458
0021600459
0021600460
0021600461
0021600462
0021600463
0021600464
0021600465
0021600466
0021600467
0021600468
0021600469
0021600470
0021600471
0021600472
0021600474
0021600475
0021600476
0021600477
0021600478
0021600479
0021600480
0021600481
0021600482
0021600483
0021600484
0021600485
0021600486
0021600487
0021600488
0021600489
0021600490
0021600491
0021600492
0021600493
0021600494
0021600495
0021600496
0021600497
0021600498
0021600499
0021600500
0021600501
0021600502
0021600503
0021600504
0021600505
0021600506
0021600507
0021600508
0021600509
0021600510
0021600511
0021600512
0021600513
0021600514
0021600515
0021600516
0021600517
0021600518
0021600519
0021600520
0021600521
0021600522
0021600523
0021600524
0021600525
0021600526
0021600527
0021600528
0021600529
0021600530
0021600531
0021600532
0021600533
0021600534
0021600535
0021600536
0021600537
0021600538
0021600539
0021600540
0021600541
0021600542
0021600543
0021600544
0021600545
0021600546
0021600547
0021600548
0021600549
0021600550
0021600551
0021600552
0021600553
0021600554
0021600555
0021600556
0021600557
0021600558
0021600559
0021600560
0021600561
0021600563
0021600564
0021600565
0021600566
0021600567
0021600568
0021600569
0021600570
0021600571
0021600572
0021600573
0021600574
0021600575
0021600576
0021600577
0021600578
0021600579
0021600580
0021600581
0021600582
0021600583
0021600584
0021600585
0021600586
0021600587
0021600588
0021600589
0021600590
0021600591
0021600592
0021600593
0021600594
0021600595
0021600596
0021600597
0021600598
0021600599
0021600600
0021600601
0021600602
0021600603
0021600604
0021600605
0021600606
0021600607
0021600608
0021600609
0021600610
0021600611
0021600612
0021600613
0021600614
0021600615
0021600616
0021600617
0021600618
0021600619
0021600620
0021600621
0021600622
0021600623
0021600624
0021600625
0021600626
0021600627
0021600628
0021600629
0021600630
0021600631
0021600632
0021600633
0021600634
0021600635
0021600636
0021600637
0021600638
0021600639
0021600640
0021600641
0021600642
0021600643
0021600644
0021600645
0021600646
0021600647
0021600648
0021600649
0021600650
0021600651
0021600652
0021600653
0021600654
0021600655
0021600656
0021600657
0021600658
0021600659
0021600660
0021600661
0021600662
0021600663
0021600665
0021600666
0021600667
0021600668
0021600670
0021600671
0021600672
0021600673
0021600674
0021600675
0021600676
0021600677
0021600678
0021600679
0021600680
0021600681
0021600682
0021600683
0021600684
0021600685
0021600686
0021600687
0021600688
0021600689
0021600690
0021600691
0021600692
0021600693
0021600694
0021600695
0021600696
0021600697
0021600698
0021600699
0021600700
0021600701
0021600702
0021600703
0021600704
0021600705
0021600706
0021600707
0021600708
0021600709
0021600710
0021600711
0021600712
0021600713
0021600714
0021600715
0021600716
0021600717
0021600718
0021600719
0021600720
0021600721
0021600722
0021600723
0021600724
0021600725
0021600726
0021600727
0021600728
0021600729
0021600730
0021600731
0021600732
0021600733
0021600734
0021600735
0021600736
0021600737
0021600738
0021600739
0021600740
0021600741
0021600742
0021600743
0021600744
0021600745
0021600746
0021600747
0021600748
0021600749
0021600750
0021600751
0021600752
0021600753
0021600754
0021600755
0021600756
0021600757
0021600758
0021600759
0021600760
0021600761
0021600762
0021600763
0021600764
0021600765
0021600766
0021600767
0021600768
0021600769
0021600770
0021600771
0021600772
0021600773
0021600774
0021600775
0021600776
0021600777
0021600778
0021600779
0021600780
0021600781
0021600782
0021600783
0021600784
0021600785
0021600786
0021600787
0021600788
0021600789
0021600790
0021600791
0021600792
0021600793
0021600794
0021600795
0021600796
0021600797
0021600798
0021600799
0021600800
0021600801
0021600802
0021600803
0021600804
0021600805
0021600806
0021600807
0021600808
0021600809
0021600810
0021600811
0021600812
0021600813
0021600814
0021600815
0021600816
0021600817
0021600818
0021600819
0021600820
0021600821
0021600822
0021600823
0021600824
0021600825
0021600826
0021600827
0021600828
0021600829
0021600830
0021600831
0021600832
0021600833
0021600834
0021600835
0021600836
0021600837
0021600838
0021600839
0021600840
0021600841
0021600842
0021600843
0021600844
0021600845
0021600846
0021600847
0021600848
0021600849
0021600850
0021600851
0021600852
0021600853
0021600854
0021600855
0021600856
0021600857
0021600858
0021600859
0021600860
0021600861
0021600862
0021600863
0021600864
0021600865
0021600866
0021600867
0021600868
0021600869
0021600870
0021600871
0021600872
0021600873
0021600874
0021600875
0021600876
0021600877
0021600878
0021600879
0021600880
0021600881
0021600882
0021600883
0021600884
0021600885
0021600886
0021600887
0021600888
0021600889
0021600890
0021600891
0021600892
0021600893
0021600894
0021600895
0021600896
0021600897
0021600899
0021600900
0021600901
0021600902
0021600903
0021600904
0021600905
0021600906
0021600907
0021600908
0021600909
0021600910
0021600911
0021600912
0021600913
0021600914
0021600915
0021600916
0021600917
0021600918
0021600919
0021600920
0021600921
0021600922
0021600923
0021600924
0021600925
0021600926
0021600927
0021600928
0021600929
0021600930
0021600931
0021600932
0021600933
0021600934
0021600935
0021600936
0021600937
0021600938
0021600939
0021600940
0021600941
0021600942
0021600943
0021600944
0021600945
0021600946
0021600947
0021600948
0021600949
0021600950
0021600951
0021600952
0021600953
0021600954
0021600955
0021600956
0021600957
0021600958
0021600959
0021600960
0021600961
0021600962
0021600963
0021600964
0021600965
0021600966
0021600967
0021600968
0021600969
0021600970
0021600971
0021600972
0021600973
0021600974
0021600975
0021600976
0021600977
0021600978
0021600979
0021600980
0021600981
0021600982
0021600983
0021600984
0021600985
0021600986
0021600987
0021600988
0021600989
0021600990
0021600991
0021600992
0021600993
0021600994
0021600996
0021600997
0021600998
0021600999
0021601000
0021601001
0021601002
0021601003
0021601004
0021601005
0021601006
0021601007
0021601008
0021601009
0021601010
0021601011
0021601012
0021601013
0021601014
0021601015
0021601016
0021601017
0021601018
0021601019
0021601020
0021601021
0021601022
0021601023
0021601024
0021601025
0021601026
0021601027
0021601028
0021601029
0021601030
0021601031
0021601032
0021601033
0021601034
0021601035
0021601036
0021601037
0021601038
0021601039
0021601040
0021601041
0021601042
0021601043
0021601044
0021601045
0021601046
0021601047
0021601048
0021601049
0021601050
0021601051
0021601052
0021601053
0021601054
0021601055
0021601056
0021601057
0021601058
0021601059
0021601060
0021601061
0021601062
0021601063
0021601064
0021601065
0021601066
0021601067
0021601068
0021601069
0021601070
0021601071
0021601072
0021601073
0021601074
0021601075
0021601076
0021601077
0021601078
0021601079
0021601080
0021601081
0021601082
0021601083
0021601084
0021601085
0021601086
0021601087
0021601088
0021601089
0021601090
0021601091
0021601092
0021601093
0021601094
0021601095
0021601096
0021601097
0021601098
0021601099
0021601100
0021601101
0021601102
0021601103
0021601104
0021601105
0021601106
0021601107
0021601109
0021601110
0021601111
0021601112
0021601113
0021601114
0021601115
0021601116
0021601117
0021601118
0021601119
0021601120
0021601121
0021601122
0021601123
0021601124
0021601126
0021601127
0021601128
0021601129
0021601130
0021601131
0021601132
0021601133
0021601134
0021601135
0021601136
0021601137
0021601138
0021601139
0021601140
0021601141
0021601142
0021601143
0021601144
0021601145
0021601146
0021601147
0021601148
0021601149
0021601150
0021601151
0021601152
0021601153
0021601154
0021601155
0021601156
0021601157
0021601158
0021601159
0021601160
0021601161
0021601162
0021601163
0021601164
0021601165
0021601166
0021601167
0021601169
0021601170
0021601171
0021601172
0021601173
0021601174
0021601175
0021601176
0021601177
0021601178
0021601179
0021601180
0021601181
0021601182
0021601183
0021601184
0021601186
0021601187
0021601188
0021601189
0021601190
0021601191
0021601192
0021601193
0021601194
0021601195
0021601196
0021601197
0021601198
0021601200
0021601201
0021601202
0021601203
0021601204
0021601205
0021601206
0021601207
0021601208
0021601209
0021601210
0021601211
0021601212
0021601213
0021601214
0021601215
0021601216
0021601217
0021601218
0021601219
0021601220
0021601221
0021601222
0021601223
0021601224
0021601225
0021601226
0021601227
0021601228
0021601229
0021601230
0021700001
0021700002
0021700003
0021700004
0021700005
0021700006
0021700007
0021700008
0021700009
0021700010
0021700011
0021700012
0021700013
0021700014
0021700015
0021700016
0021700017
0021700018
0021700019
0021700020
0021700021
0021700022
0021700023
0021700024
0021700025
0021700026
0021700027
0021700028
0021700030
0021700031
0021700032
0021700033
0021700034
0021700035
0021700036
0021700037
0021700038
0021700039
0021700040
0021700041
0021700042
0021700043
0021700044
0021700045
0021700046
0021700047
0021700048
0021700049
0021700050
0021700051
0021700052
0021700053
0021700054
0021700055
0021700056
0021700057
0021700058
0021700059
0021700060
0021700061
0021700062
0021700064
0021700065
0021700066
0021700067
0021700068
0021700069
0021700070
0021700071
0021700072
0021700073
0021700074
0021700075
0021700076
0021700077
0021700078
0021700079
0021700080
0021700081
0021700082
0021700083
0021700084
0021700085
0021700086
0021700087
0021700088
0021700089
0021700090
0021700091
0021700092
0021700093
0021700094
0021700095
0021700096
0021700097
0021700098
0021700099
0021700100
0021700101
0021700102
0021700103
0021700104
0021700105
0021700106
0021700107
0021700108
0021700109
0021700110
0021700111
0021700112
0021700113
0021700114
0021700115
0021700116
0021700117
0021700118
0021700119
0021700120
0021700121
0021700122
0021700123
0021700124
0021700125
0021700126
0021700127
0021700128
0021700129
0021700130
0021700131
0021700132
0021700133
0021700134
0021700135
0021700136
0021700137
0021700138
0021700139
0021700140
0021700141
0021700142
0021700143
0021700144
0021700145
0021700146
0021700147
0021700148
0021700149
0021700150
0021700151
0021700152
0021700153
0021700154
0021700155
0021700156
0021700157
0021700158
0021700159
0021700160
0021700161
0021700162
0021700163
0021700164
0021700165
0021700166
0021700167
0021700168
0021700169
0021700170
0021700171
0021700172
0021700173
0021700174
0021700175
0021700176
0021700177
0021700178
0021700179
0021700180
0021700181
0021700182
0021700183
0021700184
0021700185
0021700187
0021700188
0021700189
0021700190
0021700191
0021700192
0021700193
0021700194
0021700195
0021700196
0021700197
0021700198
0021700199
0021700201
0021700202
0021700203
0021700204
0021700206
0021700207
0021700208
0021700209
0021700210
0021700211
0021700212
0021700213
0021700214
0021700215
0021700216
0021700217
0021700218
0021700219
0021700220
0021700221
0021700222
0021700223
0021700224
0021700225
0021700226
0021700227
0021700228
0021700229
0021700230
0021700231
0021700232
0021700233
0021700234
0021700235
0021700236
0021700237
0021700238
0021700239
0021700240
0021700241
0021700242
0021700243
0021700244
0021700245
0021700246
0021700247
0021700248
0021700249
0021700250
0021700251
0021700252
0021700253
0021700254
0021700255
0021700256
0021700257
0021700258
0021700259
0021700260
0021700261
0021700262
0021700263
0021700264
0021700265
0021700266
0021700267
0021700268
0021700269
0021700270
0021700271
0021700272
0021700273
0021700274
0021700275
0021700276
0021700277
0021700278
0021700279
0021700280
0021700281
0021700282
0021700283
0021700284
0021700285
0021700286
0021700287
0021700288
0021700289
0021700290
0021700291
0021700292
0021700293
0021700294
0021700295
0021700296
0021700297
0021700298
0021700299
0021700300
0021700301
0021700302
0021700303
0021700304
0021700305
0021700306
0021700307
0021700308
0021700309
0021700310
0021700311
0021700312
0021700313
0021700314
0021700315
0021700316
0021700317
0021700318
0021700319
0021700320
0021700321
0021700322
0021700323
0021700324
0021700325
0021700326
0021700327
0021700328
0021700329
0021700330
0021700331
0021700332
0021700333
0021700334
0021700336
0021700337
0021700338
0021700339
0021700340
0021700341
0021700342
0021700343
0021700344
0021700345
0021700346
0021700347
0021700348
0021700349
0021700350
0021700351
0021700352
0021700353
0021700354
0021700355
0021700356
0021700357
0021700358
0021700359
0021700360
0021700361
0021700362
0021700363
0021700364
0021700365
0021700366
0021700367
0021700368
0021700369
0021700370
0021700371
0021700372
0021700373
0021700374
0021700375
0021700376
0021700377
0021700378
0021700379
0021700380
0021700381
0021700382
0021700383
0021700384
0021700385
0021700386
0021700387
0021700388
0021700389
0021700390
0021700391
0021700392
0021700393
0021700394
0021700395
0021700396
0021700397
0021700398
0021700399
0021700400
0021700401
0021700402
0021700404
0021700405
0021700406
0021700407
0021700408
0021700409
0021700410
0021700411
0021700412
0021700413
0021700414
0021700415
0021700416
0021700417
0021700418
0021700419
0021700420
0021700421
0021700422
0021700423
0021700424
0021700425
0021700426
0021700427
0021700428
0021700429
0021700430
0021700431
0021700432
0021700433
0021700434
0021700435
0021700436
0021700437
0021700438
0021700439
0021700440
0021700441
0021700442
0021700443
0021700444
0021700445
0021700446
0021700447
0021700448
0021700449
0021700450
0021700451
0021700452
0021700453
0021700454
0021700455
0021700456
0021700457
0021700458
0021700459
0021700460
0021700461
0021700462
0021700463
0021700464
0021700465
0021700466
0021700467
0021700468
0021700469
0021700470
0021700471
0021700472
0021700473
0021700474
0021700475
0021700476
0021700477
0021700478
0021700479
0021700480
0021700481
0021700482
0021700483
0021700484
0021700485
0021700486
0021700487
0021700488
0021700489
0021700490
0021700491
0021700492
0021700493
0021700494
0021700495
0021700496
0021700497
0021700498
0021700499
0021700500
0021700501
0021700502
0021700503
0021700504
0021700505
0021700506
0021700508
0021700509
0021700510
0021700511
0021700512
0021700513
0021700514
0021700515
0021700516
0021700517
0021700518
0021700519
0021700520
0021700521
0021700522
0021700523
0021700524
0021700525
0021700526
0021700527
0021700528
0021700529
0021700530
0021700531
0021700532
0021700533
0021700534
0021700535
0021700536
0021700537
0021700538
0021700539
0021700540
0021700541
0021700542
0021700543
0021700544
0021700545
0021700546
0021700547
0021700548
0021700549
0021700550
0021700551
0021700552
0021700553
0021700554
0021700555
0021700556
0021700557
0021700558
0021700559
0021700560
0021700561
0021700562
0021700563
0021700564
0021700565
0021700566
0021700567
0021700568
0021700569
0021700570
0021700571
0021700572
0021700573
0021700574
0021700575
0021700576
0021700577
0021700578
0021700579
0021700580
0021700581
0021700582
0021700583
0021700584
0021700585
0021700586
0021700587
0021700588
0021700589
0021700590
0021700591
0021700592
0021700593
0021700594
0021700595
0021700596
0021700597
0021700598
0021700599
0021700600
0021700601
0021700602
0021700603
0021700604
0021700605
0021700606
0021700607
0021700608
0021700609
0021700610
0021700611
0021700612
0021700613
0021700614
0021700615
0021700616
0021700617
0021700618
0021700619
0021700620
0021700621
0021700622
0021700623
0021700624
0021700625
0021700626
0021700627
0021700628
0021700629
0021700630
0021700631
0021700632
0021700633
0021700634
0021700635
0021700636
0021700637
0021700638
0021700639
0021700640
0021700641
0021700642
0021700643
0021700644
0021700645
0021700646
0021700647
0021700648
0021700649
0021700650
0021700651
0021700652
0021700653
0021700654
0021700655
0021700656
0021700657
0021700658
0021700659
0021700660
0021700661
0021700662
0021700663
0021700664
0021700665
0021700666
0021700667
0021700668
0021700669
0021700670
0021700671
0021700672
0021700673
0021700674
0021700675
0021700676
0021700677
0021700678
0021700679
0021700680
0021700681
0021700682
0021700683
0021700684
0021700685
0021700686
0021700687
0021700688
0021700689
0021700690
0021700691
0021700692
0021700693
0021700694
0021700695
0021700696
0021700697
0021700698
0021700699
0021700700
0021700701
0021700702
0021700703
0021700704
0021700705
0021700706
0021700707
0021700708
0021700709
0021700710
0021700711
0021700712
0021700713
0021700714
0021700715
0021700716
0021700717
0021700718
0021700719
0021700720
0021700721
0021700722
0021700723
0021700724
0021700725
0021700726
0021700727
0021700728
0021700729
0021700730
0021700731
0021700732
0021700733
0021700734
0021700735
0021700736
0021700737
0021700738
0021700739
0021700740
0021700741
0021700742
0021700743
0021700744
0021700745
0021700746
0021700747
0021700748
0021700749
0021700750
0021700751
0021700752
0021700753
0021700754
0021700755
0021700756
0021700757
0021700758
0021700759
0021700760
0021700761
0021700762
0021700763
0021700764
0021700765
0021700766
0021700767
0021700768
0021700769
0021700770
0021700771
0021700772
0021700773
0021700774
0021700775
0021700776
0021700777
0021700778
0021700779
0021700780
0021700781
0021700782
0021700783
0021700784
0021700785
0021700786
0021700787
0021700788
0021700789
0021700790
0021700792
0021700793
0021700794
0021700795
0021700796
0021700797
0021700798
0021700799
0021700800
0021700801
0021700802
0021700803
0021700804
0021700805
0021700807
0021700808
0021700809
0021700810
0021700811
0021700812
0021700813
0021700814
0021700815
0021700816
0021700817
0021700818
0021700819
0021700820
0021700821
0021700822
0021700823
0021700824
0021700825
0021700826
0021700827
0021700828
0021700829
0021700830
0021700831
0021700832
0021700833
0021700834
0021700835
0021700836
0021700837
0021700838
0021700839
0021700840
0021700841
0021700842
0021700843
0021700844
0021700845
0021700846
0021700847
0021700848
0021700849
0021700850
0021700851
0021700852
0021700853
0021700854
0021700855
0021700856
0021700857
0021700858
0021700859
0021700860
0021700861
0021700862
0021700863
0021700864
0021700865
0021700866
0021700867
0021700868
0021700869
0021700870
0021700871
0021700872
0021700873
0021700874
0021700875
0021700876
0021700877
0021700878
0021700879
0021700881
0021700882
0021700883
0021700884
0021700885
0021700886
0021700887
0021700888
0021700889
0021700890
0021700891
0021700892
0021700893
0021700894
0021700895
0021700896
0021700897
0021700898
0021700899
0021700900
0021700901
0021700902
0021700903
0021700904
0021700905
0021700906
0021700907
0021700908
0021700909
0021700910
0021700911
0021700912
0021700913
0021700914
0021700916
0021700917
0021700918
0021700919
0021700920
0021700921
0021700922
0021700923
0021700924
0021700925
0021700926
0021700927
0021700928
0021700929
0021700930
0021700931
0021700932
0021700933
0021700934
0021700935
0021700936
0021700937
0021700938
0021700939
0021700940
0021700941
0021700942
0021700943
0021700944
0021700945
0021700946
0021700947
0021700948
0021700949
0021700950
0021700951
0021700952
0021700953
0021700954
0021700955
0021700956
0021700957
0021700958
0021700959
0021700960
0021700961
0021700962
0021700963
0021700964
0021700965
0021700966
0021700967
0021700968
0021700969
0021700970
0021700971
0021700972
0021700973
0021700974
0021700975
0021700976
0021700977
0021700978
0021700979
0021700980
0021700981
0021700982
0021700983
0021700984
0021700985
0021700986
0021700987
0021700988
0021700989
0021700990
0021700991
0021700992
0021700993
0021700994
0021700995
0021700996
0021700997
0021700998
0021700999
0021701000
0021701001
0021701002
0021701003
0021701004
0021701005
0021701006
0021701007
0021701008
0021701009
0021701010
0021701011
0021701012
0021701013
0021701014
0021701015
0021701016
0021701017
0021701018
0021701019
0021701020
0021701021
0021701022
0021701023
0021701024
0021701025
0021701026
0021701027
0021701028
0021701029
0021701030
0021701031
0021701032
0021701033
0021701034
0021701035
0021701036
0021701037
0021701038
0021701039
0021701040
0021701041
0021701042
0021701043
0021701044
0021701045
0021701046
0021701047
0021701048
0021701049
0021701050
0021701051
0021701052
0021701053
0021701054
0021701055
0021701056
0021701057
0021701058
0021701059
0021701060
0021701061
0021701062
0021701063
0021701064
0021701065
0021701066
0021701067
0021701068
0021701069
0021701070
0021701071
0021701072
0021701073
0021701074
0021701075
0021701076
0021701077
0021701078
0021701079
0021701080
0021701081
0021701082
0021701083
0021701084
0021701085
0021701086
0021701087
0021701088
0021701089
0021701090
0021701091
0021701092
0021701093
0021701094
0021701095
0021701096
0021701097
0021701098
0021701099
0021701100
0021701101
0021701102
0021701103
0021701104
0021701105
0021701107
0021701108
0021701109
0021701110
0021701111
0021701112
0021701113
0021701114
0021701115
0021701116
0021701117
0021701118
0021701119
0021701120
0021701121
0021701122
0021701123
0021701124
0021701125
0021701126
0021701127
0021701128
0021701129
0021701130
0021701131
0021701132
0021701133
0021701134
0021701135
0021701136
0021701137
0021701138
0021701139
0021701140
0021701141
0021701142
0021701143
0021701144
0021701145
0021701146
0021701147
0021701148
0021701149
0021701150
0021701151
0021701152
0021701153
0021701154
0021701155
0021701156
0021701157
0021701158
0021701159
0021701160
0021701161
0021701162
0021701163
0021701164
0021701165
0021701166
0021701167
0021701168
0021701169
0021701170
0021701171
0021701172
0021701173
0021701174
0021701175
0021701176
0021701177
0021701178
0021701179
0021701180
0021701181
0021701182
0021701183
0021701184
0021701185
0021701186
0021701187
0021701188
0021701189
0021701190
0021701191
0021701192
0021701193
0021701194
0021701195
0021701196
0021701197
0021701198
0021701199
0021701200
0021701201
0021701202
0021701203
0021701204
0021701205
0021701206
0021701207
0021701208
0021701209
0021701210
0021701211
0021701212
0021701213
0021701214
0021701215
0021701216
0021701217
0021701218
0021701219
0021701220
0021701221
0021701222
0021701223
0021701224
0021701225
0021701226
0021701227
0021701228
0021701229
0021701230
0021800001
0021800002
0021800003
0021800004
0021800005
0021800006
0021800007
0021800008
0021800009
0021800010
0021800011
0021800012
0021800013
0021800014
0021800015
0021800016
0021800017
0021800018
0021800019
0021800020
0021800021
0021800022
0021800023
0021800024
0021800025
0021800026
0021800027
0021800028
0021800029
0021800030
0021800031
0021800032
0021800033
0021800034
0021800035
0021800036
0021800037
0021800038
0021800039
0021800040
0021800041
0021800042
0021800043
0021800044
0021800045
0021800046
0021800047
0021800048
0021800049
0021800050
0021800051
0021800052
0021800053
0021800054
0021800055
0021800056
0021800057
0021800058
0021800059
0021800060
0021800061
0021800062
0021800063
0021800064
0021800065
0021800066
0021800067
0021800068
0021800069
0021800070
0021800071
0021800072
0021800073
0021800074
0021800075
0021800076
0021800077
0021800078
0021800079
0021800080
0021800081
0021800082
0021800083
0021800084
0021800085
0021800086
0021800087
0021800088
0021800089
0021800090
0021800091
0021800092
0021800093
0021800094
0021800095
0021800096
0021800097
0021800098
0021800099
0021800100
0021800101
0021800102
0021800103
0021800104
0021800105
0021800106
0021800108
0021800109
0021800110
0021800111
0021800112
0021800113
0021800114
0021800115
0021800116
0021800117
0021800118
0021800119
0021800120
0021800121
0021800122
0021800123
0021800124
0021800125
0021800126
0021800127
0021800128
0021800129
0021800130
0021800131
0021800132
0021800133
0021800134
0021800135
0021800136
0021800137
0021800138
0021800139
0021800140
0021800141
0021800142
0021800143
0021800144
0021800145
0021800146
0021800147
0021800148
0021800149
0021800150
0021800151
0021800152
0021800153
0021800154
0021800155
0021800156
0021800157
0021800159
0021800160
0021800161
0021800162
0021800163
0021800164
0021800165
0021800166
0021800167
0021800168
0021800169
0021800170
0021800171
0021800172
0021800173
0021800174
0021800175
0021800176
0021800177
0021800178
0021800179
0021800180
0021800181
0021800182
0021800183
0021800184
0021800185
0021800186
0021800187
0021800188
0021800189
0021800190
0021800191
0021800192
0021800193
0021800194
0021800195
0021800196
0021800197
0021800198
0021800199
0021800200
0021800201
0021800202
0021800203
0021800204
0021800205
0021800206
0021800207
0021800208
0021800209
0021800210
0021800211
0021800212
0021800213
0021800214
0021800215
0021800216
0021800217
0021800218
0021800219
0021800220
0021800221
0021800223
0021800224
0021800225
0021800226
0021800227
0021800228
0021800229
0021800230
0021800231
0021800232
0021800233
0021800234
0021800235
0021800236
0021800237
0021800238
0021800239
0021800240
0021800241
0021800242
0021800243
0021800244
0021800245
0021800246
0021800247
0021800248
0021800249
0021800250
0021800251
0021800252
0021800253
0021800254
0021800255
0021800256
0021800257
0021800258
0021800259
0021800260
0021800261
0021800262
0021800263
0021800264
0021800265
0021800266
0021800267
0021800268
0021800269
0021800270
0021800271
0021800272
0021800273
0021800274
0021800275
0021800276
0021800277
0021800278
0021800279
0021800280
0021800281
0021800282
0021800283
0021800284
0021800285
0021800286
0021800287
0021800288
0021800289
0021800290
0021800291
0021800292
0021800293
0021800294
0021800296
0021800297
0021800298
0021800299
0021800300
0021800301
0021800302
0021800303
0021800304
0021800305
0021800306
0021800307
0021800308
0021800309
0021800310
0021800311
0021800312
0021800313
0021800314
0021800315
0021800316
0021800317
0021800318
0021800319
0021800320
0021800321
0021800322
0021800323
0021800324
0021800325
0021800326
0021800327
0021800328
0021800329
0021800330
0021800331
0021800332
0021800333
0021800334
0021800335
0021800336
0021800337
0021800338
0021800339
0021800340
0021800341
0021800342
0021800343
0021800344
0021800345
0021800346
0021800347
0021800348
0021800349
0021800350
0021800351
0021800352
0021800353
0021800354
0021800355
0021800356
0021800357
0021800358
0021800359
0021800360
0021800361
0021800362
0021800363
0021800364
0021800365
0021800366
0021800367
0021800368
0021800369
0021800370
0021800371
0021800372
0021800373
0021800374
0021800375
0021800376
0021800377
0021800378
0021800379
0021800380
0021800381
0021800382
0021800383
0021800384
0021800385
0021800386
0021800387
0021800388
0021800389
0021800390
0021800391
0021800392
0021800393
0021800394
0021800395
0021800396
0021800397
0021800398
0021800399
0021800400
0021800401
0021800402
0021800403
0021800404
0021800405
0021800406
0021800407
0021800408
0021800409
0021800410
0021800411
0021800412
0021800413
0021800414
0021800415
0021800416
0021800417
0021800418
0021800419
0021800420
0021800421
0021800422
0021800423
0021800424
0021800425
0021800426
0021800427
0021800428
0021800429
0021800430
0021800431
0021800432
0021800433
0021800434
0021800435
0021800436
0021800437
0021800438
0021800439
0021800440
0021800441
0021800442
0021800443
0021800444
0021800445
0021800446
0021800447
0021800448
0021800449
0021800450
0021800451
0021800452
0021800453
0021800454
0021800455
0021800456
0021800457
0021800458
0021800459
0021800460
0021800461
0021800462
0021800463
0021800464
0021800465
0021800466
0021800467
0021800468
0021800469
0021800470
0021800471
0021800472
0021800473
0021800474
0021800475
0021800476
0021800477
0021800478
0021800479
0021800480
0021800481
0021800482
0021800483
0021800484
0021800485
0021800486
0021800487
0021800488
0021800489
0021800490
0021800491
0021800492
0021800493
0021800494
0021800495
0021800496
0021800497
0021800499
0021800500
0021800501
0021800502
0021800503
0021800504
0021800505
0021800506
0021800507
0021800508
0021800509
0021800510
0021800511
0021800512
0021800513
0021800514
0021800515
0021800516
0021800517
0021800518
0021800519
0021800520
0021800521
0021800522
0021800523
0021800524
0021800525
0021800526
0021800527
0021800528
0021800529
0021800530
0021800531
0021800532
0021800533
0021800534
0021800535
0021800536
0021800537
0021800538
0021800539
0021800540
0021800541
0021800542
0021800543
0021800544
0021800545
0021800546
0021800547
0021800548
0021800549
0021800550
0021800551
0021800552
0021800553
0021800554
0021800555
0021800556
0021800557
0021800558
0021800559
0021800560
0021800561
0021800563
0021800564
0021800565
0021800566
0021800567
0021800568
0021800569
0021800570
0021800571
0021800572
0021800573
0021800574
0021800575
0021800576
0021800577
0021800578
0021800579
0021800580
0021800581
0021800582
0021800583
0021800584
0021800585
0021800586
0021800587
0021800588
0021800589
0021800590
0021800591
0021800592
0021800593
0021800594
0021800595
0021800596
0021800597
0021800598
0021800599
0021800600
0021800601
0021800602
0021800603
0021800604
0021800605
0021800606
0021800607
0021800608
0021800609
0021800610
0021800611
0021800612
0021800613
0021800614
0021800615
0021800616
0021800617
0021800618
0021800619
0021800620
0021800621
0021800622
0021800623
0021800624
0021800625
0021800626
0021800627
0021800628
0021800629
0021800630
0021800631
0021800632
0021800633
0021800634
0021800635
0021800636
0021800637
0021800638
0021800639
0021800640
0021800641
0021800642
0021800643
0021800644
0021800645
0021800646
0021800647
0021800648
0021800649
0021800650
0021800651
0021800652
0021800653
0021800654
0021800655
0021800656
0021800657
0021800658
0021800659
0021800660
0021800661
0021800662
0021800663
0021800664
0021800665
0021800666
0021800667
0021800668
0021800669
0021800670
0021800671
0021800672
0021800673
0021800674
0021800675
0021800676
0021800677
0021800678
0021800679
0021800680
0021800681
0021800682
0021800683
0021800684
0021800685
0021800686
0021800687
0021800688
0021800689
0021800690
0021800691
0021800692
0021800693
0021800694
0021800695
0021800696
0021800697
0021800698
0021800699
0021800700
0021800701
0021800702
0021800703
0021800704
0021800705
0021800706
0021800707
0021800708
0021800709
0021800710
0021800711
0021800712
0021800713
0021800714
0021800715
0021800716
0021800717
0021800718
0021800719
0021800720
0021800721
0021800722
0021800723
0021800724
0021800725
0021800726
0021800727
0021800728
0021800729
0021800730
0021800731
0021800732
0021800733
0021800734
0021800735
0021800736
0021800737
0021800738
0021800739
0021800740
0021800741
0021800742
0021800743
0021800744
0021800745
0021800746
0021800747
0021800748
0021800749
0021800750
0021800751
0021800752
0021800753
0021800754
0021800755
0021800756
0021800757
0021800758
0021800759
0021800760
0021800761
0021800762
0021800763
0021800764
0021800765
0021800766
0021800767
0021800768
0021800769
0021800770
0021800771
0021800772
0021800773
0021800774
0021800775
0021800776
0021800777
0021800778
0021800779
0021800780
0021800781
0021800782
0021800783
0021800784
0021800785
0021800786
0021800787
0021800788
0021800789
0021800790
0021800791
0021800792
0021800793
0021800794
0021800795
0021800796
0021800797
0021800798
0021800799
0021800800
0021800801
0021800802
0021800803
0021800804
0021800805
0021800806
0021800807
0021800808
0021800809
0021800810
0021800811
0021800812
0021800813
0021800814
0021800815
0021800816
0021800817
0021800818
0021800819
0021800820
0021800821
0021800822
0021800823
0021800824
0021800825
0021800826
0021800827
0021800828
0021800829
0021800830
0021800831
0021800832
0021800833
0021800834
0021800835
0021800836
0021800837
0021800838
0021800839
0021800840
0021800841
0021800842
0021800843
0021800844
0021800845
0021800846
0021800847
0021800848
0021800849
0021800850
0021800851
0021800852
0021800853
0021800854
0021800855
0021800856
0021800857
0021800858
0021800859
0021800860
0021800861
0021800862
0021800863
0021800864
0021800865
0021800866
0021800867
0021800869
0021800870
0021800871
0021800872
0021800873
0021800874
0021800875
0021800876
0021800877
0021800878
0021800879
0021800880
0021800881
0021800882
0021800883
0021800884
0021800885
0021800886
0021800887
0021800888
0021800889
0021800890
0021800891
0021800892
0021800893
0021800894
0021800895
0021800896
0021800897
0021800898
0021800899
0021800900
0021800901
0021800902
0021800903
0021800904
0021800905
0021800906
0021800907
0021800908
0021800909
0021800910
0021800911
0021800912
0021800913
0021800914
0021800915
0021800916
0021800917
0021800918
0021800919
0021800920
0021800921
0021800922
0021800923
0021800924
0021800925
0021800926
0021800927
0021800928
0021800929
0021800930
0021800931
0021800932
0021800933
0021800934
0021800935
0021800936
0021800937
0021800939
0021800940
0021800941
0021800942
0021800943
0021800944
0021800945
0021800946
0021800947
0021800948
0021800949
0021800950
0021800951
0021800952
0021800953
0021800954
0021800955
0021800956
0021800957
0021800958
0021800959
0021800961
0021800962
0021800963
0021800964
0021800965
0021800966
0021800967
0021800968
0021800969
0021800970
0021800971
0021800972
0021800973
0021800974
0021800975
0021800976
0021800977
0021800978
0021800979
0021800980
0021800981
0021800982
0021800983
0021800984
0021800985
0021800986
0021800987
0021800988
0021800989
0021800990
0021800991
0021800992
0021800993
0021800994
0021800995
0021800996
0021800997
0021800998
0021800999
0021801000
0021801001
0021801002
0021801003
0021801004
0021801005
0021801006
0021801007
0021801008
0021801009
0021801010
0021801011
0021801012
0021801013
0021801014
0021801015
0021801016
0021801017
0021801018
0021801019
0021801020
0021801021
0021801022
0021801023
0021801024
0021801025
0021801026
0021801028
0021801029
0021801030
0021801031
0021801032
0021801033
0021801034
0021801035
0021801036
0021801037
0021801038
0021801039
0021801040
0021801041
0021801042
0021801043
0021801044
0021801045
0021801046
0021801047
0021801048
0021801049
0021801050
0021801051
0021801052
0021801053
0021801054
0021801055
0021801056
0021801057
0021801058
0021801059
0021801060
0021801061
0021801062
0021801063
0021801064
0021801065
0021801066
0021801067
0021801068
0021801069
0021801070
0021801071
0021801073
0021801074
0021801075
0021801076
0021801077
0021801078
0021801079
0021801080
0021801081
0021801082
0021801083
0021801084
0021801085
0021801086
0021801087
0021801088
0021801089
0021801090
0021801091
0021801092
0021801093
0021801094
0021801095
0021801096
0021801097
0021801098
0021801099
0021801100
0021801101
0021801102
0021801103
0021801104
0021801105
0021801106
0021801107
0021801108
0021801109
0021801110
0021801111
0021801112
0021801113
0021801114
0021801115
0021801116
0021801117
0021801118
0021801119
0021801120
0021801121
0021801122
0021801123
0021801124
0021801125
0021801126
0021801127
0021801128
0021801129
0021801130
0021801131
0021801132
0021801133
0021801134
0021801135
0021801136
0021801137
0021801138
0021801139
0021801140
0021801141
0021801142
0021801144
0021801145
0021801146
0021801147
0021801148
0021801149
0021801150
0021801151
0021801152
0021801153
0021801154
0021801155
0021801156
0021801157
0021801158
0021801159
0021801160
0021801161
0021801162
0021801163
0021801164
0021801165
0021801166
0021801167
0021801168
0021801169
0021801170
0021801171
0021801172
0021801173
0021801174
0021801175
0021801176
0021801177
0021801178
0021801179
0021801180
0021801181
0021801182
0021801183
0021801184
0021801185
0021801186
0021801187
0021801188
0021801189
0021801190
0021801191
0021801192
0021801193
0021801194
0021801195
0021801196
0021801197
0021801198
0021801199
0021801200
0021801201
0021801202
0021801203
0021801204
0021801205
0021801206
0021801207
0021801208
0021801209
0021801210
0021801211
0021801212
0021801213
0021801214
0021801215
0021801216
0021801217
0021801218
0021801219
0021801220
0021801222
0021801223
0021801224
0021801225
0021801226
0021801227
0021801228
0021801229
0021900001
0021900002
0021900003
0021900004
0021900005
0021900006
0021900007
0021900008
0021900009
0021900010
0021900011
0021900012
0021900013
0021900014
0021900015
0021900016
0021900017
0021900018
0021900019
0021900020
0021900021
0021900022
0021900023
0021900024
0021900025
0021900026
0021900027
0021900028
0021900029
0021900030
0021900031
0021900032
0021900033
0021900034
0021900035
0021900036
0021900037
0021900038
0021900039
0021900040
0021900041
0021900042
0021900043
0021900044
0021900045
0021900046
0021900047
0021900048
0021900049
0021900050
0021900051
0021900052
0021900053
0021900054
0021900055
0021900056
0021900057
0021900058
0021900059
0021900060
0021900061
0021900062
0021900063
0021900064
0021900065
0021900066
0021900067
0021900068
0021900069
0021900070
0021900071
0021900072
0021900073
0021900074
0021900075
0021900076
0021900077
0021900078
0021900079
0021900080
0021900081
0021900082
0021900083
0021900084
0021900085
0021900086
0021900087
0021900088
0021900089
0021900090
0021900091
0021900092
0021900093
0021900094
0021900095
0021900096
0021900097
0021900098
0021900099
0021900100
0021900101
0021900102
0021900103
0021900104
0021900105
0021900106
0021900107
0021900108
0021900109
0021900110
0021900111
0021900112
0021900113
0021900114
0021900115
0021900116
0021900117
0021900118
0021900119
0021900120
0021900121
0021900122
0021900123
0021900124
0021900125
0021900126
0021900127
0021900128
0021900129
0021900130
0021900131
0021900132
0021900133
0021900134
0021900135
0021900136
0021900137
0021900138
0021900139
0021900140
0021900141
0021900142
0021900143
0021900144
0021900145
0021900146
0021900147
0021900148
0021900149
0021900150
0021900151
0021900152
0021900153
0021900154
0021900155
0021900156
0021900157
0021900158
0021900159
0021900160
0021900161
0021900162
0021900163
0021900164
0021900165
0021900166
0021900167
0021900168
0021900169
0021900170
0021900171
0021900172
0021900173
0021900174
0021900175
0021900176
0021900177
0021900178
0021900179
0021900180
0021900181
0021900182
0021900183
0021900184
0021900185
0021900186
0021900187
0021900188
0021900189
0021900190
0021900191
0021900192
0021900193
0021900194
0021900195
0021900196
0021900197
0021900198
0021900199
0021900200
0021900201
0021900202
0021900203
0021900204
0021900205
0021900206
0021900207
0021900208
0021900209
0021900210
0021900211
0021900212
0021900213
0021900214
0021900215
0021900216
0021900217
0021900218
0021900219
0021900220
0021900221
0021900222
0021900223
0021900224
0021900225
0021900226
0021900227
0021900228
0021900229
0021900230
0021900231
0021900232
0021900233
0021900234
0021900235
0021900236
0021900237
0021900238
0021900239
0021900240
0021900241
0021900242
0021900243
0021900244
0021900245
0021900246
0021900247
0021900248
0021900249
0021900250
0021900251
0021900252
0021900253
0021900254
0021900255
0021900256
0021900257
0021900258
0021900259
0021900260
0021900261
0021900262
0021900263
0021900264
0021900265
0021900266
0021900267
0021900268
0021900269
0021900270
0021900271
0021900272
0021900273
0021900274
0021900275
0021900276
0021900277
0021900278
0021900279
0021900280
0021900281
0021900282
0021900283
0021900284
0021900285
0021900286
0021900287
0021900288
0021900289
0021900290
0021900291
0021900292
0021900293
0021900294
0021900295
0021900296
0021900297
0021900298
0021900299
0021900300
0021900301
0021900302
0021900303
0021900304
0021900305
0021900306
0021900307
0021900308
0021900309
0021900310
0021900311
0021900312
0021900313
0021900314
0021900315
0021900316
0021900317
0021900318
0021900319
0021900320
0021900321
0021900322
0021900323
0021900324
0021900325
0021900326
0021900327
0021900328
0021900329
0021900330
0021900331
0021900332
0021900333
0021900334
0021900335
0021900336
0021900337
0021900338
0021900339
0021900340
0021900341
0021900342
0021900343
0021900344
0021900345
0021900346
0021900347
0021900348
0021900349
0021900350
0021900351
0021900352
0021900353
0021900354
0021900355
0021900356
0021900357
0021900358
0021900359
0021900360
0021900361
0021900362
0021900363
0021900364
0021900365
0021900366
0021900367
0021900368
0021900369
0021900370
0021900371
0021900372
0021900373
0021900374
0021900375
0021900376
0021900377
0021900378
0021900379
0021900380
0021900381
0021900382
0021900383
0021900384
0021900385
0021900386
0021900387
0021900388
0021900389
0021900390
0021900391
0021900392
0021900393
0021900394
0021900395
0021900396
0021900397
0021900398
0021900399
0021900400
0021900401
0021900402
0021900403
0021900404
0021900405
0021900406
0021900407
0021900408
0021900409
0021900410
0021900411
0021900412
0021900413
0021900414
0021900415
0021900416
0021900417
0021900418
0021900419
0021900420
0021900421
0021900422
0021900423
0021900424
0021900425
0021900426
0021900427
0021900428
0021900429
0021900430
0021900431
0021900432
0021900433
0021900434
0021900435
0021900436
0021900437
0021900438
0021900439
0021900440
0021900441
0021900442
0021900443
0021900444
0021900445
0021900446
0021900447
0021900448
0021900449
0021900450
0021900451
0021900452
0021900453
0021900454
0021900455
0021900456
0021900457
0021900458
0021900459
0021900460
0021900461
0021900462
0021900463
0021900464
0021900465
0021900466
0021900467
0021900468
0021900469
0021900470
0021900471
0021900472
0021900473
0021900474
0021900475
0021900476
0021900477
0021900478
0021900479
0021900480
0021900481
0021900482
0021900483
0021900484
0021900485
0021900486
0021900487
0021900488
0021900489
0021900490
0021900491
0021900492
0021900493
0021900494
0021900495
0021900496
0021900497
0021900498
0021900499
0021900500
0021900501
0021900502
0021900503
0021900504
0021900505
0021900506
0021900507
0021900508
0021900509
0021900510
0021900511
0021900512
0021900513
0021900514
0021900515
0021900516
0021900517
0021900518
0021900519
0021900520
0021900521
0021900522
0021900523
0021900524
0021900525
0021900526
0021900527
0021900528
0021900529
0021900530
0021900531
0021900532
0021900533
0021900534
0021900535
0021900536
0021900537
0021900538
0021900539
0021900540
0021900541
0021900542
0021900543
0021900544
0021900545
0021900546
0021900547
0021900548
0021900549
0021900550
0021900551
0021900552
0021900553
0021900554
0021900555
0021900556
0021900557
0021900558
0021900559
0021900560
0021900561
0021900562
0021900563
0021900564
0021900565
0021900566
0021900567
0021900568
0021900569
0021900570
0021900571
0021900572
0021900573
0021900574
0021900575
0021900576
0021900577
0021900578
0021900579
0021900580
0021900581
0021900582
0021900583
0021900584
0021900585
0021900586
0021900587
0021900588
0021900589
0021900590
0021900591
0021900592
0021900593
0021900594
0021900595
0021900596
0021900597
0021900598
0021900599
0021900600
0021900601
0021900602
0021900603
0021900604
0021900605
0021900606
0021900607
0021900608
0021900609
0021900610
0021900611
0021900612
0021900613
0021900614
0021900615
0021900616
0021900617
0021900618
0021900619
0021900620
0021900621
0021900622
0021900623
0021900624
0021900625
0021900626
0021900627
0021900628
0021900629
0021900630
0021900631
0021900632
0021900633
0021900634
0021900635
0021900636
0021900637
0021900638
0021900639
0021900640
0021900641
0021900642
0021900643
0021900644
0021900645
0021900646
0021900647
0021900648
0021900649
0021900650
0021900651
0021900652
0021900653
0021900654
0021900655
0021900656
0021900657
0021900658
0021900659
0021900660
0021900661
0021900662
0021900663
0021900664
0021900665
0021900666
0021900667
0021900668
0021900669
0021900670
0021900671
0021900672
0021900673
0021900674
0021900675
0021900676
0021900677
0021900678
0021900679
0021900680
0021900681
0021900682
0021900683
0021900684
0021900685
0021900686
0021900687
0021900688
0021900689
0021900690
0021900691
0021900692
0021900693
0021900694
0021900695
0021900696
0021900697
0021900698
0021900699
0021900700
0021900701
0021900702
0021900703
0021900704
0021900705
0021900706
0021900708
0021900709
0021900710
0021900711
0021900712
0021900713
0021900714
0021900715
0021900716
0021900717
0021900718
0021900719
0021900720
0021900721
0021900722
0021900723
0021900724
0021900725
0021900726
0021900727
0021900728
0021900729
0021900730
0021900731
0021900732
0021900733
0021900734
0021900735
0021900736
0021900737
0021900738
0021900739
0021900740
0021900741
0021900742
0021900743
0021900744
0021900745
0021900746
0021900747
0021900748
0021900749
0021900750
0021900751
0021900752
0021900753
0021900754
0021900755
0021900756
0021900757
0021900758
0021900759
0021900760
0021900761
0021900762
0021900763
0021900764
0021900765
0021900766
0021900767
0021900768
0021900769
0021900770
0021900771
0021900772
0021900773
0021900774
0021900775
0021900776
0021900777
0021900778
0021900779
0021900780
0021900781
0021900782
0021900783
0021900784
0021900785
0021900786
0021900787
0021900788
0021900789
0021900790
0021900791
0021900792
0021900793
0021900794
0021900795
0021900796
0021900797
0021900798
0021900799
0021900800
0021900801
0021900802
0021900803
0021900804
0021900805
0021900806
0021900807
0021900808
0021900809
0021900810
0021900811
0021900812
0021900813
0021900814
0021900815
0021900816
0021900817
0021900818
0021900819
0021900820
0021900821
0021900822
0021900823
0021900824
0021900825
0021900826
0021900827
0021900828
0021900829
0021900830
0021900831
0021900832
0021900833
0021900834
0021900835
0021900836
0021900837
0021900838
0021900839
0021900840
0021900841
0021900842
0021900843
0021900844
0021900845
0021900846
0021900847
0021900848
0021900849
0021900850
0021900851
0021900852
0021900853
0021900854
0021900855
0021900856
0021900857
0021900858
0021900859
0021900860
0021900861
0021900862
0021900863
0021900864
0021900865
0021900866
0021900867
0021900868
0021900869
0021900870
0021900871
0021900872
0021900873
0021900874
0021900875
0021900876
0021900877
0021900878
0021900879
0021900880
0021900881
0021900882
0021900883
0021900884
0021900885
0021900886
0021900887
0021900888
0021900889
0021900890
0021900891
0021900892
0021900893
0021900894
0021900895
0021900896
0021900897
0021900898
0021900899
0021900900
0021900901
0021900902
0021900903
0021900904
0021900905
0021900906
0021900907
0021900908
0021900909
0021900910
0021900911
0021900912
0021900913
0021900914
0021900915
0021900916
0021900917
0021900918
0021900919
0021900920
0021900921
0021900922
0021900923
0021900924
0021900925
0021900926
0021900927
0021900928
0021900929
0021900930
0021900931
0021900932
0021900933
0021900934
0021900935
0021900936
0021900937
0021900938
0021900939
0021900940
0021900941
0021900942
0021900943
0021900944
0021900945
0021900946
0021900947
0021900948
0021900949
0021900950
0021900951
0021900952
0021900953
0021900954
0021900955
0021900956
0021900957
0021900958
0021900959
0021900960
0021900961
0021900962
0021900963
0021900964
0021900965
0021900966
0021900967
0021900968
0021900969
0021900970
0021900971
0021900973
0021901231
0021901232
0021901233
0021901234
0021901235
0021901236
0021901237
0021901238
0021901239
0021901240
0021901241
0021901242
0021901243
0021901244
0021901245
0021901246
0021901247
0021901248
0021901249
0021901250
0021901251
0021901252
0021901253
0021901254
0021901255
0021901256
0021901257
0021901258
0021901259
0021901260
0021901261
0021901262
0021901263
0021901264
0021901265
0021901266
0021901267
0021901268
0021901269
0021901270
0021901271
0021901272
0021901273
0021901274
0021901275
0021901276
0021901277
0021901278
0021901279
0021901280
0021901281
0021901282
0021901283
0021901284
0021901285
0021901286
0021901287
0021901288
0021901289
0021901290
0021901291
0021901292
0021901293
0021901294
0021901295
0021901296
0021901298
0021901299
0021901300
0021901301
0021901302
0021901303
0021901304
0021901305
0021901306
0021901307
0021901308
0021901309
0021901310
0021901311
0021901312
0021901313
0021901314
0021901315
0021901316
0021901317
0021901318
0022000001
0022000003
0022000005
0022000006
0022000008
0022000009
0022000010
0022000012
0022000013
0022000015
0022000016
0022000017
0022000019
0022000020
0022000021
0022000022
0022000023
0022000024
0022000025
0022000027
0022000028
0022000029
0022000030
0022000033
0022000034
0022000035
0022000037
0022000038
0022000039
0022000041
0022000042
0022000043
0022000044
0022000047
0022000049
0022000050
0022000051
0022000053
0022000054
0022000055
0022000056
0022000058
0022000060
0022000061
0022000062
0022000063
0022000064
0022000065
0022000067
0022000068
0022000069
0022000070
0022000071
0022000072
0022000073
0022000074
0022000075
0022000078
0022000079
0022000080
0022000081
0022000082
0022000083
0022000084
0022000085
0022000086
0022000087
0022000088
0022000090
0022000091
0022000092
0022000093
0022000094
0022000097
0022000099
0022000100
0022000101
0022000103
0022000104
0022000106
0022000109
0022000110
0022000113
0022000114
0022000115
0022000117
0022000118
0022000119
0022000121
0022000122
0022000123
0022000124
0022000125
0022000126
0022000127
0022000128
0022000129
0022000130
0022000131
0022000133
0022000134
0022000135
0022000136
0022000137
0022000139
0022000140
0022000141
0022000142
0022000143
0022000144
0022000145
0022000146
0022000147
0022000148
0022000149
0022000151
0022000152
0022000154
0022000155
0022000156
0022000158
0022000159
0022000160
0022000161
0022000163
0022000165
0022000166
0022000167
0022000168
0022000169
0022000170
0022000171
0022000172
0022000174
0022000175
0022000177
0022000179
0022000180
0022000182
0022000183
0022000184
0022000185
0022000187
0022000189
0022000190
0022000191
0022000194
0022000195
0022000196
0022000197
0022000198
0022000199
0022000200
0022000202
0022000203
0022000205
0022000206
0022000208
0022000209
0022000210
0022000211
0022000213
0022000214
0022000215
0022000216
0022000219
0022000220
0022000221
0022000222
0022000223
0022000224
0022000225
0022000226
0022000227
0022000228
0022000230
0022000232
0022000233
0022000235
0022000236
0022000237
0022000240
0022000241
0022000242
0022000246
0022000247
0022000248
0022000249
0022000250
0022000253
0022000255
0022000256
0022000257
0022000258
0022000259
0022000260
0022000261
0022000263
0022000264
0022000265
0022000266
0022000267
0022000269
0022000271
0022000272
0022000273
0022000274
0022000275
0022000276
0022000278
0022000279
0022000280
0022000281
0022000283
0022000285
0022000286
0022000287
0022000289
0022000292
0022000294
0022000295
0022000296
0022000297
0022000298
0022000300
0022000301
0022000302
0022000304
0022000306
0022000307
0022000308
0022000309
0022000310
0022000312
0022000313
0022000315
0022000316
0022000319
0022000320
0022000323
0022000324
0022000325
0022000326
0022000328
0022000330
0022000331
0022000332
0022000333
0022000334
0022000336
0022000337
0022000339
0022000340
0022000341
0022000343
0022000344
0022000346
0022000347
0022000348
0022000353
0022000354
0022000355
0022000356
0022000359
0022000360
0022000362
0022000364
0022000367
0022000368
0022000370
0022000371
0022000373
0022000374
0022000376
0022000378
0022000379
0022000380
0022000381
0022000384
0022000385
0022000386
0022000387
0022000388
0022000389
0022000392
0022000393
0022000394
0022000395
0022000396
0022000397
0022000398
0022000400
0022000401
0022000402
0022000403
0022000404
0022000405
0022000406
0022000408
0022000409
0022000410
0022000411
0022000412
0022000413
0022000414
0022000415
0022000416
0022000417
0022000418
0022000419
0022000420
0022000421
0022000422
0022000423
0022000424
0022000425
0022000426
0022000427
0022000428
0022000430
0022000432
0022000433
0022000435
0022000436
0022000439
0022000440
0022000441
0022000443
0022000444
0022000445
0022000446
0022000447
0022000448
0022000449
0022000450
0022000451
0022000452
0022000454
0022000455
0022000456
0022000458
0022000459
0022000460
0022000462
0022000463
0022000464
0022000466
0022000467
0022000468
0022000469
0022000470
0022000471
0022000472
0022000473
0022000475
0022000476
0022000478
0022000479
0022000480
0022000484
0022000485
0022000486
0022000487
0022000488
0022000489
0022000490
0022000492
0022000494
0022000495
0022000496
0022000497
0022000498
0022000499
0022000500
0022000501
0022000503
0022000504
0022000505
0022000506
0022000507
0022000508
0022000509
0022000510
0022000511
0022000512
0022000513
0022000514
0022000515
0022000516
0022000517
0022000518
0022000519
0022000520
0022000521
0022000523
0022000524
0022000525
0022000526
0022000527
0022000528
0022000529
0022000530
0022000532
0022000533
0022000534
0022000535
0022000536
0022000537
0022000540
0022000541
0022000542
0022000545
0022000546
0022000547
0022000551
0022000552
0022000553
0022000555
0022000556
0022000557
0022000558
0022000560
0022000561
0022000563
0022000564
0022000566
0022000567
0022000568
0022000571
0022000572
0022000573
0022000575
0022000576
0022000577
0022000578
0022000579
0022000580
0022000581
0022000582
0022000583
0022000585
0022000587
0022000590
0022000591
0022000592
0022000595
0022000596
0022000597
0022000598
0022000599
0022000600
0022000601
0022000603
0022000605
0022000606
0022000607
0022000609
0022000610
0022000611
0022000612
0022000613
0022000614
0022000616
0022000617
0022000618
0022000619
0022000620
0022000621
0022000622
0022000623
0022000624
0022000626
0022000627
0022000628
0022000629
0022000631
0022000632
0022000633
0022000635
0022000636
0022000637
0022000640
0022000641
0022000643
0022000645
0022000646
0022000648
0022000649
0022000650
0022000651
0022000652
0022000654
0022000655
0022000656
0022000657
0022000658
0022000660
0022000661
0022000662
0022000663
0022000665
0022000666
0022000667
0022000668
0022000669
0022000670
0022000674
0022000675
0022000676
0022000678
0022000680
0022000682
0022000683
0022000684
0022000685
0022000687
0022000688
0022000689
0022000690
0022000691
0022000692
0022000693
0022000694
0022000695
0022000696
0022000697
0022000698
0022000700
0022000702
0022000703
0022000704
0022000706
0022000707
0022000708
0022000709
0022000710
0022000711
0022000712
0022000713
0022000716
0022000717
0022000719
0022000720
0022000722
0022000723
0022000724
0022000725
0022000726
0022000727
0022000728
0022000730
0022000731
0022000732
0022000733
0022000734
0022000735
0022000738
0022000739
0022000740
0022000741
0022000742
0022000743
0022000744
0022000745
0022000746
0022000747
0022000748
0022000749
0022000750
0022000751
0022000752
0022000753
0022000755
0022000756
0022000757
0022000758
0022000759
0022000760
0022000761
0022000762
0022000763
0022000765
0022000766
0022000767
0022000768
0022000769
0022000770
0022000772
0022000773
0022000774
0022000776
0022000778
0022000779
0022000780
0022000781
0022000782
0022000783
0022000784
0022000786
0022000787
0022000788
0022000789
0022000790
0022000791
0022000793
0022000795
0022000796
0022000797
0022000799
0022000800
0022000801
0022000802
0022000803
0022000804
0022000805
0022000808
0022000809
0022000810
0022000811
0022000812
0022000813
0022000814
0022000815
0022000816
0022000817
0022000819
0022000820
0022000821
0022000822
0022000826
0022000827
0022000828
0022000829
0022000830
0022000831
0022000832
0022000833
0022000836
0022000837
0022000838
0022000840
0022000841
0022000843
0022000844
0022000845
0022000846
0022000847
0022000849
0022000850
0022000851
0022000852
0022000853
0022000854
0022000855
0022000856
0022000857
0022000858
0022000859
0022000860
0022000861
0022000863
0022000865
0022000866
0022000867
0022000868
0022000869
0022000870
0022000871
0022000872
0022000873
0022000874
0022000875
0022000876
0022000877
0022000878
0022000879
0022000880
0022000881
0022000882
0022000883
0022000884
0022000886
0022000887
0022000888
0022000889
0022000890
0022000891
0022000892
0022000893
0022000894
0022000895
0022000898
0022000899
0022000900
0022000901
0022000902
0022000903
0022000904
0022000905
0022000907
0022000908
0022000909
0022000910
0022000911
0022000912
0022000913
0022000914
0022000915
0022000916
0022000917
0022000918
0022000919
0022000920
0022000921
0022000922
0022000923
0022000924
0022000925
0022000926
0022000927
0022000929
0022000931
0022000932
0022000933
0022000934
0022000935
0022000937
0022000938
0022000939
0022000940
0022000941
0022000942
0022000946
0022000947
0022000948
0022000951
0022000952
0022000953
0022000954
0022000955
0022000956
0022000957
0022000958
0022000959
0022000960
0022000961
0022000963
0022000964
0022000966
0022000967
0022000968
0022000969
0022000971
0022000972
0022000973
0022000974
0022000975
0022000976
0022000977
0022000978
0022000979
0022000981
0022000982
0022000983
0022000984
0022000985
0022000986
0022000987
0022000989
0022000990
0022000991
0022000992
0022000993
0022000994
0022000996
0022000997
0022000998
0022000999
0022001000
0022001001
0022001003
0022001004
0022001005
0022001006
0022001007
0022001008
0022001009
0022001010
0022001011
0022001012
0022001013
0022001014
0022001016
0022001017
0022001020
0022001021
0022001023
0022001024
0022001025
0022001026
0022001027
0022001029
0022001031
0022001033
0022001034
0022001035
0022001037
0022001038
0022001039
0022001040
0022001041
0022001042
0022001044
0022001045
0022001046
0022001047
0022001048
0022001049
0022001050
0022001051
0022001052
0022001054
0022001055
0022001057
0022001059
0022001061
0022001062
0022001063
0022001064
0022001066
0022001067
0022001070
0022001071
0022001072
0022001074
0022001075
0022001076
0022001078
0022100001
0022100002
0022100003
0022100004
0022100005
0022100007
0022100008
0022100009
0022100010
0022100011
0022100012
0022100013
0022100014
0022100016
0022100017
0022100018
0022100019
0022100021
0022100023
0022100024
0022100025
0022100026
0022100028
0022100030
0022100031
0022100032
0022100033
0022100034
0022100036
0022100037
0022100038
0022100039
0022100041
0022100042
0022100043
0022100044
0022100045
0022100047
0022100048
0022100049
0022100050
0022100051
0022100052
0022100053
0022100055
0022100056
0022100057
0022100059
0022100061
0022100062
0022100063
0022100064
0022100065
0022100066
0022100067
0022100068
0022100070
0022100072
0022100073
0022100074
0022100075
0022100076
0022100077
0022100078
0022100079
0022100080
0022100081
0022100084
0022100085
0022100086
0022100087
0022100088
0022100089
0022100091
0022100092
0022100093
0022100094
0022100096
0022100097
0022100100
0022100101
0022100102
0022100103
0022100104
0022100105
0022100106
0022100107
0022100109
0022100110
0022100111
0022100112
0022100113
0022100114
0022100116
0022100118
0022100119
0022100120
0022100121
0022100122
0022100126
0022100127
0022100128
0022100129
0022100130
0022100131
0022100132
0022100133
0022100135
0022100136
0022100137
0022100138
0022100139
0022100140
0022100141
0022100142
0022100143
0022100144
0022100145
0022100147
0022100149
0022100151
0022100152
0022100153
0022100154
0022100155
0022100156
0022100158
0022100159
0022100160
0022100161
0022100162
0022100163
0022100164
0022100166
0022100167
0022100169
0022100171
0022100172
0022100173
0022100174
0022100175
0022100176
0022100177
0022100178
0022100179
0022100181
0022100184
0022100185
0022100187
0022100188
0022100189
0022100190
0022100191
0022100192
0022100193
0022100194
0022100195
0022100196
0022100197
0022100198
0022100199
0022100200
0022100202
0022100203
0022100204
0022100205
0022100209
0022100210
0022100211
0022100212
0022100213
0022100215
0022100216
0022100217
0022100218
0022100219
0022100220
0022100221
0022100222
0022100223
0022100224
0022100225
0022100226
0022100228
0022100229
0022100230
0022100231
0022100233
0022100235
0022100236
0022100237
0022100238
0022100240
0022100241
0022100242
0022100243
0022100245
0022100247
0022100248
0022100249
0022100250
0022100251
0022100252
0022100254
0022100255
0022100256
0022100259
0022100260
0022100261
0022100262
0022100265
0022100266
0022100267
0022100268
0022100269
0022100270
0022100271
0022100272
0022100274
0022100275
0022100277
0022100278
0022100279
0022100280
0022100282
0022100283
0022100285
0022100286
0022100287
0022100288
0022100289
0022100290
0022100291
0022100292
0022100293
0022100294
0022100295
0022100296
0022100298
0022100299
0022100300
0022100301
0022100302
0022100303
0022100304
0022100305
0022100306
0022100307
0022100308
0022100309
0022100310
0022100311
0022100312
0022100313
0022100314
0022100315
0022100316
0022100317
0022100318
0022100319
0022100320
0022100322
0022100323
0022100325
0022100326
0022100327
0022100328
0022100329
0022100330
0022100333
0022100334
0022100335
0022100336
0022100337
0022100338
0022100339
0022100340
0022100341
0022100343
0022100344
0022100345
0022100346
0022100347
0022100348
0022100349
0022100350
0022100351
0022100352
0022100353
0022100355
0022100356
0022100360
0022100361
0022100362
0022100363
0022100364
0022100365
0022100366
0022100368
0022100369
0022100372
0022100373
0022100374
0022100376
0022100377
0022100378
0022100379
0022100380
0022100381
0022100382
0022100383
0022100384
0022100385
0022100386
0022100387
0022100388
0022100389
0022100390
0022100391
0022100392
0022100393
0022100394
0022100396
0022100397
0022100398
0022100399
0022100400
0022100402
0022100403
0022100404
0022100405
0022100406
0022100407
0022100408
0022100409
0022100411
0022100412
0022100413
0022100414
0022100416
0022100417
0022100418
0022100419
0022100420
0022100421
0022100422
0022100423
0022100425
0022100426
0022100428
0022100429
0022100430
0022100431
0022100432
0022100433
0022100434
0022100435
0022100437
0022100438
0022100439
0022100440
0022100442
0022100443
0022100444
0022100445
0022100446
0022100448
0022100452
0022100453
0022100455
0022100456
0022100458
0022100459
0022100460
0022100461
0022100463
0022100464
0022100466
0022100468
0022100470
0022100471
0022100474
0022100476
0022100477
0022100478
0022100479
0022100480
0022100481
0022100483
0022100484
0022100485
0022100487
0022100489
0022100490
0022100491
0022100492
0022100493
0022100494
0022100495
0022100496
0022100498
0022100499
0022100500
0022100501
0022100503
0022100504
0022100505
0022100506
0022100508
0022100509
0022100510
0022100511
0022100512
0022100513
0022100514
0022100516
0022100517
0022100519
0022100521
0022100524
0022100525
0022100526
0022100527
0022100528
0022100529
0022100531
0022100532
0022100533
0022100534
0022100537
0022100538
0022100539
0022100541
0022100542
0022100543
0022100544
0022100545
0022100547
0022100549
0022100550
0022100552
0022100553
0022100555
0022100556
0022100557
0022100558
0022100559
0022100560
0022100561
0022100564
0022100565
0022100566
0022100567
0022100568
0022100569
0022100570
0022100571
0022100572
0022100574
0022100576
0022100577
0022100578
0022100579
0022100580
0022100581
0022100583
0022100584
0022100586
0022100587
0022100588
0022100589
0022100590
0022100592
0022100593
0022100594
0022100595
0022100596
0022100597
0022100598
0022100599
0022100601
0022100602
0022100603
0022100604
0022100605
0022100608
0022100609
0022100610
0022100611
0022100612
0022100613
0022100614
0022100616
0022100618
0022100619
0022100620
0022100621
0022100622
0022100623
0022100624
0022100625
0022100626
0022100627
0022100628
0022100629
0022100630
0022100631
0022100632
0022100633
0022100634
0022100635
0022100637
0022100639
0022100640
0022100641
0022100642
0022100643
0022100644
0022100645
0022100646
0022100647
0022100648
0022100649
0022100650
0022100651
0022100652
0022100653
0022100654
0022100655
0022100660
0022100663
0022100665
0022100667
0022100668
0022100669
0022100670
0022100671
0022100672
0022100673
0022100675
0022100676
0022100678
0022100680
0022100682
0022100683
0022100685
0022100686
0022100687
0022100689
0022100690
0022100691
0022100692
0022100693
0022100694
0022100695
0022100696
0022100697
0022100698
0022100699
0022100700
0022100701
0022100702
0022100703
0022100704
0022100705
0022100706
0022100708
0022100711
0022100712
0022100713
0022100714
0022100715
0022100716
0022100718
0022100719
0022100720
0022100721
0022100722
0022100723
0022100724
0022100725
0022100727
0022100728
0022100729
0022100730
0022100731
0022100734
0022100736
0022100737
0022100738
0022100740
0022100741
0022100742
0022100743
0022100744
0022100745
0022100746
0022100747
0022100749
0022100750
0022100751
0022100752
0022100754
0022100755
0022100756
0022100757
0022100758
0022100759
0022100760
0022100761
0022100762
0022100763
0022100764
0022100767
0022100769
0022100770
0022100772
0022100773
0022100774
0022100776
0022100777
0022100778
0022100779
0022100780
0022100781
0022100783
0022100784
0022100785
0022100786
0022100787
0022100788
0022100789
0022100790
0022100791
0022100792
0022100793
0022100795
0022100796
0022100798
0022100800
0022100802
0022100803
0022100805
0022100806
0022100807
0022100808
0022100810
0022100811
0022100812
0022100813
0022100814
0022100815
0022100816
0022100817
0022100818
0022100819
0022100820
0022100822
0022100823
0022100824
0022100825
0022100826
0022100827
0022100828
0022100829
0022100830
0022100831
0022100832
0022100833
0022100835
0022100836
0022100837
0022100839
0022100840
0022100842
0022100844
0022100845
0022100846
0022100847
0022100849
0022100850
0022100851
0022100852
0022100853
0022100854
0022100855
0022100856
0022100857
0022100858
0022100859
0022100861
0022100862
0022100863
0022100864
0022100865
0022100866
0022100867
0022100868
0022100869
0022100871
0022100873
0022100874
0022100876
0022100878
0022100879
0022100880
0022100881
0022100882
0022100883
0022100884
0022100885
0022100886
0022100887
0022100889
0022100890
0022100891
0022100892
0022100893
0022100894
0022100895
0022100896
0022100897
0022100898
0022100900
0022100901
0022100902
0022100904
0022100905
0022100906
0022100907
0022100909
0022100910
0022100911
0022100912
0022100913
0022100914
0022100915
0022100916
0022100917
0022100918
0022100920
0022100921
0022100926
0022100927
0022100928
0022100929
0022100930
0022100931
0022100932
0022100933
0022100934
0022100935
0022100936
0022100937
0022100938
0022100939
0022100940
0022100941
0022100942
0022100943
0022100944
0022100948
0022100949
0022100950
0022100952
0022100953
0022100954
0022100956
0022100957
0022100958
0022100960
0022100961
0022100962
0022100963
0022100964
0022100965
0022100966
0022100967
0022100968
0022100969
0022100971
0022100972
0022100973
0022100974
0022100975
0022100976
0022100977
0022100978
0022100979
0022100982
0022100983
0022100984
0022100985
0022100987
0022100988
0022100989
0022100990
0022100991
0022100992
0022100993
0022100994
0022100996
0022100997
0022100998
0022100999
0022101000
0022101001
0022101002
0022101003
0022101004
0022101005
0022101006
0022101007
0022101008
0022101010
0022101011
0022101012
0022101013
0022101014
0022101015
0022101016
0022101017
0022101018
0022101019
0022101020
0022101022
0022101023
0022101024
0022101026
0022101027
0022101028
0022101029
0022101030
0022101031
0022101032
0022101033
0022101034
0022101036
0022101039
0022101040
0022101044
0022101046
0022101047
0022101048
0022101050
0022101051
0022101052
0022101053
0022101054
0022101055
0022101056
0022101058
0022101059
0022101060
0022101061
0022101062
0022101063
0022101064
0022101065
0022101066
0022101067
0022101068
0022101069
0022101070
0022101071
0022101072
0022101073
0022101074
0022101075
0022101076
0022101077
0022101078
0022101079
0022101084
0022101086
0022101087
0022101088
0022101089
0022101090
0022101091
0022101092
0022101094
0022101095
0022101096
0022101097
0022101098
0022101099
0022101101
0022101102
0022101103
0022101104
0022101106
0022101108
0022101109
0022101110
0022101111
0022101112
0022101113
0022101114
0022101115
0022101116
0022101117
0022101118
0022101120
0022101121
0022101122
0022101123
0022101124
0022101125
0022101126
0022101127
0022101128
0022101130
0022101131
0022101132
0022101134
0022101135
0022101136
0022101137
0022101138
0022101140
0022101141
0022101142
0022101143
0022101145
0022101146
0022101147
0022101148
0022101149
0022101151
0022101152
0022101153
0022101154
0022101155
0022101156
0022101159
0022101160
0022101161
0022101162
0022101163
0022101164
0022101165
0022101166
0022101167
0022101168
0022101169
0022101170
0022101171
0022101172
0022101173
0022101174
0022101175
0022101176
0022101178
0022101179
0022101181
0022101182
0022101184
0022101187
0022101188
0022101189
0022101190
0022101191
0022101192
0022101193
0022101194
0022101195
0022101197
0022101198
0022101199
0022101200
0022101201
0022101202
0022101204
0022101205
0022101206
0022101207
0022101208
0022101210
0022101211
0022101212
0022101213
0022101214
0022101216
0022101218
0022101219
0022101224
0022101225
0022101226
0022101227
0022101228
0022101229
0022101230
0022200001
0022200002
0022200004
0022200005
0022200006
0022200007
0022200009
0022200010
0022200011
0022200012
0022200013
0022200014
0022200015
0022200018
0022200019
0022200021
0022200022
0022200023
0022200025
0022200026
0022200027
0022200028
0022200033
0022200035
0022200036
0022200037
0022200038
0022200039
0022200040
0022200042
0022200043
0022200044
0022200045
0022200046
0022200048
0022200049
0022200050
0022200051
0022200052
0022200053
0022200054
0022200056
0022200058
0022200059
0022200060
0022200061
0022200062
0022200063
0022200064
0022200065
0022200067
0022200068
0022200069
0022200070
0022200071
0022200072
0022200073
0022200074
0022200075
0022200076
0022200077
0022200081
0022200082
0022200083
0022200084
0022200087
0022200088
0022200090
0022200091
0022200092
0022200093
0022200094
0022200095
0022200096
0022200097
0022200098
0022200099
0022200100
0022200101
0022200102
0022200103
0022200104
0022200105
0022200106
0022200107
0022200108
0022200109
0022200110
0022200111
0022200113
0022200114
0022200115
0022200116
0022200118
0022200119
0022200120
0022200121
0022200122
0022200123
0022200124
0022200125
0022200126
0022200127
0022200129
0022200130
0022200132
0022200133
0022200135
0022200136
0022200137
0022200140
0022200141
0022200143
0022200144
0022200145
0022200146
0022200148
0022200149
0022200150
0022200152
0022200153
0022200154
0022200156
0022200157
0022200160
0022200161
0022200162
0022200163
0022200164
0022200165
0022200166
0022200167
0022200168
0022200169
0022200170
0022200171
0022200172
0022200173
0022200175
0022200176
0022200177
0022200179
0022200180
0022200182
0022200183
0022200184
0022200185
0022200186
0022200188
0022200189
0022200190
0022200192
0022200193
0022200194
0022200195
0022200196
0022200197
0022200198
0022200199
0022200201
0022200202
0022200203
0022200204
0022200205
0022200206
0022200208
0022200209
0022200210
0022200211
0022200212
0022200214
0022200215
0022200217
0022200218
0022200219
0022200221
0022200222
0022200223
0022200224
0022200226
0022200227
0022200229
0022200230
0022200231
0022200232
0022200233
0022200234
0022200236
0022200238
0022200239
0022200240
0022200241
0022200243
0022200244
0022200245
0022200246
0022200247
0022200248
0022200249
0022200250
0022200251
0022200252
0022200253
0022200254
0022200255
0022200256
0022200257
0022200258
0022200259
0022200260
0022200261
0022200262
0022200263
0022200264
0022200265
0022200266
0022200267
0022200268
0022200269
0022200271
0022200272
0022200274
0022200275
0022200276
0022200277
0022200278
0022200279
0022200280
0022200281
0022200282
0022200283
0022200284
0022200285
0022200287
0022200288
0022200289
0022200291
0022200292
0022200293
0022200294
0022200295
0022200296
0022200298
0022200299
0022200300
0022200301
0022200302
0022200304
0022200305
0022200306
0022200308
0022200309
0022200312
0022200313
0022200314
0022200315
0022200316
0022200317
0022200318
0022200320
0022200321
0022200322
0022200323
0022200324
0022200325
0022200326
0022200327
0022200328
0022200329
0022200330
0022200332
0022200333
0022200334
0022200335
0022200336
0022200337
0022200338
0022200340
0022200341
0022200343
0022200346
0022200347
0022200348
0022200349
0022200350
0022200351
0022200352
0022200353
0022200354
0022200355
0022200356
0022200357
0022200358
0022200360
0022200361
0022200362
0022200364
0022200366
0022200367
0022200368
0022200369
0022200370
0022200371
0022200372
0022200373
0022200374
0022200376
0022200377
0022200378
0022200379
0022200380
0022200381
0022200382
0022200383
0022200384
0022200385
0022200386
0022200387
0022200388
0022200389
0022200391
0022200393
0022200395
0022200397
0022200398
0022200399
0022200400
0022200401
0022200402
0022200403
0022200405
0022200406
0022200407
0022200408
0022200409
0022200411
0022200412
0022200414
0022200418
0022200419
0022200420
0022200421
0022200422
0022200423
0022200424
0022200425
0022200426
0022200427
0022200430
0022200431
0022200432
0022200433
0022200434
0022200435
0022200436
0022200437
0022200440
0022200441
0022200444
0022200446
0022200448
0022200450
0022200451
0022200452
0022200453
0022200454
0022200455
0022200457
0022200458
0022200459
0022200462
0022200463
0022200465
0022200466
0022200467
0022200468
0022200469
0022200470
0022200471
0022200472
0022200473
0022200474
0022200475
0022200476
0022200477
0022200478
0022200480
0022200481
0022200482
0022200483
0022200484
0022200486
0022200487
0022200488
0022200489
0022200490
0022200491
0022200494
0022200495
0022200496
0022200497
0022200498
0022200500
0022200502
0022200503
0022200504
0022200505
0022200506
0022200507
0022200508
0022200509
0022200511
0022200512
0022200513
0022200514
0022200515
0022200518
0022200519
0022200520
0022200521
0022200522
0022200523
0022200524
0022200526
0022200527
0022200528
0022200529
0022200530
0022200531
0022200532
0022200533
0022200534
0022200535
0022200536
0022200537
0022200538
0022200539
0022200540
0022200541
0022200542
0022200543
0022200544
0022200545
0022200546
0022200547
0022200548
0022200550
0022200551
0022200552
0022200553
0022200555
0022200556
0022200558
0022200559
0022200561
0022200562
0022200563
0022200564
0022200565
0022200566
0022200567
0022200568
0022200569
0022200570
0022200571
0022200572
0022200573
0022200574
0022200575
0022200576
0022200577
0022200578
0022200579
0022200580
0022200581
0022200582
0022200583
0022200584
0022200585
0022200586
0022200589
0022200590
0022200592
0022200593
0022200595
0022200597
0022200598
0022200599
0022200600
0022200601
0022200602
0022200603
0022200604
0022200605
0022200606
0022200607
0022200608
0022200609
0022200611
0022200612
0022200613
0022200614
0022200615
0022200616
0022200619
0022200620
0022200621
0022200622
0022200624
0022200625
0022200626
0022200627
0022200628
0022200630
0022200631
0022200632
0022200634
0022200635
0022200636
0022200637
0022200638
0022200639
0022200640
0022200641
0022200642
0022200643
0022200644
0022200646
0022200648
0022200649
0022200650
0022200651
0022200652
0022200653
0022200655
0022200658
0022200659
0022200661
0022200662
0022200663
0022200664
0022200666
0022200668
0022200669
0022200670
0022200671
0022200672
0022200673
0022200674
0022200676
0022200677
0022200678
0022200679
0022200680
0022200681
0022200682
0022200683
0022200684
0022200685
0022200686
0022200688
0022200689
0022200691
0022200692
0022200693
0022200694
0022200695
0022200696
0022200697
0022200699
0022200700
0022200701
0022200702
0022200703
0022200704
0022200705
0022200707
0022200708
0022200709
0022200710
0022200715
0022200716
0022200717
0022200718
0022200719
0022200720
0022200721
0022200722
0022200724
0022200725
0022200727
0022200728
0022200730
0022200731
0022200732
0022200734
0022200735
0022200736
0022200737
0022200740
0022200741
0022200742
0022200743
0022200744
0022200745
0022200748
0022200751
0022200752
0022200753
0022200754
0022200756
0022200757
0022200758
0022200759
0022200762
0022200763
0022200764
0022200765
0022200766
0022200769
0022200770
0022200771
0022200772
0022200773
0022200774
0022200775
0022200776
0022200777
0022200778
0022200779
0022200780
0022200781
0022200782
0022200784
0022200785
0022200787
0022200788
0022200792
0022200793
0022200794
0022200795
0022200796
0022200798
0022200799
0022200800
0022200801
0022200802
0022200803
0022200804
0022200805
0022200808
0022200809
0022200810
0022200811
0022200812
0022200813
0022200814
0022200815
0022200816
0022200817
0022200818
0022200819
0022200820
0022200822
0022200823
0022200824
0022200825
0022200826
0022200827
0022200828
0022200829
0022200830
0022200831
0022200832
0022200833
0022200834
0022200835
0022200836
0022200837
0022200838
0022200839
0022200841
0022200843
0022200844
0022200845
0022200846
0022200847
0022200848
0022200849
0022200851
0022200852
0022200853
0022200857
0022200858
0022200859
0022200860
0022200861
0022200862
0022200863
0022200864
0022200865
0022200866
0022200867
0022200868
0022200869
0022200870
0022200871
0022200872
0022200874
0022200875
0022200876
0022200877
0022200879
0022200880
0022200881
0022200882
0022200883
0022200885
0022200887
0022200888
0022200889
0022200891
0022200894
0022200895
0022200896
0022200897
0022200898
0022200900
0022200901
0022200902
0022200903
0022200904
0022200906
0022200907
0022200908
0022200909
0022200911
0022200912
0022200913
0022200914
0022200916
0022200917
0022200919
0022200922
0022200923
0022200924
0022200925
0022200926
0022200927
0022200928
0022200929
0022200930
0022200931
0022200933
0022200934
0022200936
0022200937
0022200938
0022200939
0022200941
0022200942
0022200943
0022200944
0022200946
0022200947
0022200948
0022200949
0022200950
0022200951
0022200952
0022200954
0022200955
0022200956
0022200957
0022200959
0022200960
0022200961
0022200962
0022200964
0022200965
0022200968
0022200969
0022200971
0022200972
0022200973
0022200974
0022200975
0022200976
0022200977
0022200979
0022200980
0022200981
0022200984
0022200985
0022200986
0022200987
0022200988
0022200989
0022200990
0022200991
0022200992
0022200994
0022200996
0022200997
0022200998
0022200999
0022201001
0022201002
0022201003
0022201004
0022201006
0022201007
0022201008
0022201009
0022201010
0022201011
0022201012
0022201013
0022201014
0022201015
0022201016
0022201017
0022201018
0022201019
0022201020
0022201021
0022201023
0022201024
0022201025
0022201026
0022201027
0022201028
0022201029
0022201030
0022201031
0022201033
0022201035
0022201037
0022201039
0022201041
0022201042
0022201044
0022201048
0022201050
0022201051
0022201054
0022201055
0022201056
0022201057
0022201058
0022201060
0022201061
0022201062
0022201063
0022201064
0022201065
0022201066
0022201070
0022201072
0022201073
0022201075
0022201078
0022201079
0022201080
0022201081
0022201083
0022201084
0022201086
0022201087
0022201088
0022201091
0022201092
0022201093
0022201094
0022201095
0022201096
0022201097
0022201098
0022201099
0022201100
0022201101
0022201102
0022201103
0022201104
0022201105
0022201106
0022201107
0022201108
0022201110
0022201111
0022201112
0022201113
0022201114
0022201115
0022201116
0022201117
0022201119
0022201120
0022201121
0022201122
0022201123
0022201124
0022201125
0022201126
0022201128
0022201129
0022201131
0022201132
0022201133
0022201134
0022201136
0022201137
0022201138
0022201139
0022201141
0022201143
0022201144
0022201145
0022201146
0022201147
0022201148
0022201149
0022201150
0022201151
0022201152
0022201153
0022201154
0022201155
0022201156
0022201157
0022201158
0022201159
0022201160
0022201161
0022201163
0022201164
0022201165
0022201166
0022201167
0022201168
0022201169
0022201171
0022201173
0022201174
0022201177
0022201178
0022201179
0022201182
0022201183
0022201184
0022201185
0022201186
0022201187
0022201190
0022201191
0022201193
0022201194
0022201195
0022201196
0022201198
0022201200
0022201201
0022201202
0022201203
0022201204
0022201205
0022201206
0022201207
0022201208
0022201209
0022201210
0022201211
0022201212
0022201213
0022201214
0022201215
0022201216
0022201217
0022201218
0022201220
0022201221
0022201223
0022201224
0022201225
0022201226
0022201227
0022201228
0022201229
0022201230
0022300001
0022300002
0022300003
0022300004
0022300005
0022300006
0022300007
0022300008
0022300009
0022300010
0022300012
0022300013
0022300014
0022300015
0022300016
0022300017
0022300018
0022300019
0022300020
0022300021
0022300025
0022300027
0022300028
0022300029
0022300030
0022300031
0022300032
0022300034
0022300035
0022300037
0022300038
0022300039
0022300040
0022300041
0022300042
0022300043
0022300044
0022300045
0022300046
0022300047
0022300048
0022300050
0022300051
0022300052
0022300053
0022300054
0022300055
0022300059
0022300061
0022300062
0022300063
0022300064
0022300065
0022300068
0022300069
0022300070
0022300071
0022300074
0022300075
0022300076
0022300077
0022300078
0022300079
0022300080
0022300081
0022300082
0022300083
0022300084
0022300086
0022300089
0022300090
0022300091
0022300092
0022300093
0022300094
0022300095
0022300096
0022300098
0022300099
0022300100
0022300101
0022300102
0022300103
0022300104
0022300105
0022300106
0022300107
0022300108
0022300109
0022300110
0022300112
0022300113
0022300114
0022300115
0022300116
0022300117
0022300118
0022300119
0022300120
0022300121
0022300122
0022300123
0022300124
0022300125
0022300126
0022300127
0022300128
0022300129
0022300130
0022300131
0022300132
0022300134
0022300135
0022300137
0022300138
0022300139
0022300140
0022300144
0022300146
0022300148
0022300149
0022300151
0022300152
0022300153
0022300154
0022300155
0022300156
0022300157
0022300158
0022300159
0022300161
0022300162
0022300163
0022300164
0022300165
0022300167
0022300168
0022300170
0022300171
0022300172
0022300173
0022300174
0022300177
0022300179
0022300180
0022300184
0022300185
0022300186
0022300187
0022300188
0022300189
0022300191
0022300192
0022300193
0022300195
0022300196
0022300197
0022300198
0022300199
0022300202
0022300204
0022300207
0022300208
0022300209
0022300210
0022300211
0022300212
0022300213
0022300214
0022300215
0022300216
0022300220
0022300221
0022300222
0022300223
0022300225
0022300226
0022300228
0022300230
0022300231
0022300232
0022300233
0022300234
0022300235
0022300236
0022300237
0022300238
0022300239
0022300240
0022300241
0022300242
0022300243
0022300244
0022300246
0022300247
0022300248
0022300249
0022300250
0022300251
0022300253
0022300254
0022300255
0022300256
0022300257
0022300258
0022300259
0022300261
0022300262
0022300263
0022300264
0022300266
0022300267
0022300268
0022300269
0022300270
0022300272
0022300273
0022300275
0022300276
0022300277
0022300278
0022300280
0022300281
0022300282
0022300283
0022300286
0022300287
0022300289
0022300290
0022300291
0022300292
0022300294
0022300295
0022300296
0022300298
0022300299
0022300301
0022300302
0022300303
0022300304
0022300305
0022300306
0022300308
0022300309
0022300310
0022300311
0022300312
0022300315
0022300318
0022300319
0022300321
0022300322
0022300323
0022300324
0022300325
0022300326
0022300328
0022300329
0022300330
0022300331
0022300332
0022300333
0022300334
0022300335
0022300337
0022300338
0022300343
0022300344
0022300345
0022300346
0022300348
0022300349
0022300350
0022300351
0022300352
0022300354
0022300355
0022300356
0022300357
0022300359
0022300360
0022300361
0022300363
0022300364
0022300365
0022300366
0022300367
0022300368
0022300369
0022300370
0022300371
0022300372
0022300373
0022300375
0022300376
0022300377
0022300378
0022300379
0022300380
0022300381
0022300382
0022300384
0022300385
0022300386
0022300388
0022300389
0022300390
0022300392
0022300393
0022300394
0022300395
0022300396
0022300399
0022300400
0022300401
0022300402
0022300403
0022300404
0022300405
0022300407
0022300408
0022300409
0022300411
0022300412
0022300413
0022300414
0022300415
0022300416
0022300417
0022300418
0022300419
0022300420
0022300421
0022300422
0022300424
0022300425
0022300426
0022300428
0022300429
0022300430
0022300431
0022300433
0022300434
0022300435
0022300437
0022300439
0022300441
0022300442
0022300443
0022300444
0022300447
0022300448
0022300449
0022300450
0022300451
0022300452
0022300453
0022300454
0022300455
0022300456
0022300458
0022300459
0022300460
0022300461
0022300462
0022300463
0022300464
0022300465
0022300466
0022300467
0022300470
0022300471
0022300472
0022300474
0022300475
0022300476
0022300477
0022300479
0022300480
0022300481
0022300482
0022300483
0022300484
0022300485
0022300486
0022300487
0022300488
0022300489
0022300492
0022300493
0022300494
0022300497
0022300498
0022300499
0022300500
0022300501
0022300502
0022300503
0022300504
0022300507
0022300508
0022300511
0022300512
0022300513
0022300514
0022300515
0022300516
0022300518
0022300519
0022300521
0022300522
0022300523
0022300524
0022300525
0022300526
0022300527
0022300528
0022300529
0022300530
0022300531
0022300532
0022300533
0022300535
0022300537
0022300538
0022300539
0022300540
0022300541
0022300542
0022300543
0022300544
0022300545
0022300546
0022300547
0022300548
0022300549
0022300551
0022300552
0022300554
0022300555
0022300556
0022300557
0022300558
0022300559
0022300560
0022300562
0022300563
0022300564
0022300565
0022300567
0022300569
0022300571
0022300572
0022300573
0022300574
0022300575
0022300576
0022300577
0022300578
0022300579
0022300580
0022300581
0022300582
0022300583
0022300584
0022300587
0022300588
0022300589
0022300590
0022300591
0022300592
0022300595
0022300596
0022300597
0022300598
0022300599
0022300600
0022300601
0022300602
0022300604
0022300605
0022300606
0022300607
0022300608
0022300609
0022300611
0022300614
0022300616
0022300617
0022300618
0022300620
0022300621
0022300623
0022300624
0022300625
0022300627
0022300628
0022300629
0022300630
0022300634
0022300635
0022300638
0022300639
0022300640
0022300641
0022300643
0022300645
0022300646
0022300647
0022300648
0022300649
0022300650
0022300651
0022300652
0022300653
0022300654
0022300656
0022300657
0022300658
0022300659
0022300660
0022300661
0022300662
0022300663
0022300664
0022300665
0022300666
0022300667
0022300669
0022300670
0022300671
0022300672
0022300677
0022300678
0022300679
0022300681
0022300682
0022300683
0022300684
0022300686
0022300687
0022300688
0022300689
0022300690
0022300691
0022300692
0022300694
0022300695
0022300696
0022300697
0022300698
0022300699
0022300700
0022300701
0022300702
0022300703
0022300704
0022300705
0022300706
0022300707
0022300708
0022300709
0022300710
0022300712
0022300713
0022300714
0022300716
0022300718
0022300719
0022300721
0022300722
0022300723
0022300724
0022300725
0022300726
0022300728
0022300729
0022300730
0022300731
0022300733
0022300734
0022300735
0022300736
0022300737
0022300738
0022300739
0022300740
0022300741
0022300742
0022300743
0022300745
0022300746
0022300747
0022300748
0022300749
0022300750
0022300751
0022300754
0022300755
0022300757
0022300758
0022300759
0022300760
0022300762
0022300763
0022300764
0022300765
0022300768
0022300769
0022300772
0022300773
0022300774
0022300775
0022300776
0022300777
0022300778
0022300779
0022300781
0022300782
0022300783
0022300784
0022300785
0022300787
0022300788
0022300789
0022300790
0022300791
0022300792
0022300793
0022300794
0022300795
0022300796
0022300799
0022300800
0022300801
0022300802
0022300803
0022300804
0022300805
0022300806
0022300807
0022300808
0022300810
0022300811
0022300812
0022300813
0022300814
0022300815
0022300817
0022300818
0022300819
0022300820
0022300821
0022300823
0022300824
0022300825
0022300826
0022300827
0022300828
0022300829
0022300830
0022300831
0022300832
0022300833
0022300834
0022300835
0022300836
0022300838
0022300840
0022300841
0022300842
0022300843
0022300844
0022300845
0022300846
0022300847
0022300849
0022300850
0022300851
0022300852
0022300853
0022300854
0022300855
0022300856
0022300858
0022300859
0022300860
0022300861
0022300863
0022300864
0022300865
0022300866
0022300868
0022300869
0022300870
0022300871
0022300872
0022300873
0022300875
0022300876
0022300877
0022300878
0022300879
0022300880
0022300881
0022300882
0022300884
0022300885
0022300887
0022300890
0022300891
0022300892
0022300893
0022300894
0022300895
0022300899
0022300900
0022300901
0022300902
0022300904
0022300905
0022300906
0022300908
0022300910
0022300911
0022300912
0022300914
0022300915
0022300916
0022300917
0022300919
0022300920
0022300921
0022300922
0022300923
0022300924
0022300925
0022300926
0022300927
0022300928
0022300929
0022300930
0022300931
0022300932
0022300933
0022300934
0022300935
0022300936
0022300937
0022300939
0022300943
0022300944
0022300945
0022300946
0022300947
0022300948
0022300949
0022300950
0022300951
0022300952
0022300953
0022300954
0022300955
0022300956
0022300957
0022300958
0022300959
0022300961
0022300962
0022300963
0022300964
0022300965
0022300966
0022300967
0022300968
0022300971
0022300972
0022300973
0022300974
0022300975
0022300976
0022300977
0022300978
0022300979
0022300980
0022300981
0022300982
0022300983
0022300985
0022300986
0022300987
0022300988
0022300989
0022300990
0022300991
0022300993
0022300996
0022300997
0022300998
0022300999
0022301000
0022301001
0022301002
0022301003
0022301005
0022301006
0022301008
0022301009
0022301010
0022301011
0022301012
0022301014
0022301015
0022301016
0022301017
0022301018
0022301019
0022301021
0022301023
0022301024
0022301025
0022301026
0022301027
0022301028
0022301029
0022301030
0022301031
0022301032
0022301033
0022301034
0022301036
0022301037
0022301038
0022301039
0022301040
0022301042
0022301043
0022301044
0022301045
0022301046
0022301047
0022301048
0022301050
0022301052
0022301053
0022301055
0022301056
0022301057
0022301058
0022301059
0022301060
0022301061
0022301062
0022301063
0022301064
0022301067
0022301068
0022301069
0022301070
0022301072
0022301073
0022301074
0022301075
0022301076
0022301077
0022301079
0022301080
0022301081
0022301082
0022301083
0022301084
0022301085
0022301089
0022301090
0022301091
0022301092
0022301094
0022301096
0022301097
0022301099
0022301101
0022301102
0022301103
0022301105
0022301107
0022301109
0022301110
0022301111
0022301113
0022301114
0022301115
0022301116
0022301117
0022301118
0022301119
0022301120
0022301121
0022301122
0022301123
0022301124
0022301125
0022301126
0022301128
0022301129
0022301130
0022301132
0022301133
0022301135
0022301136
0022301137
0022301138
0022301140
0022301141
0022301143
0022301145
0022301146
0022301149
0022301150
0022301152
0022301154
0022301155
0022301156
0022301157
0022301158
0022301159
0022301160
0022301161
0022301162
0022301163
0022301164
0022301165
0022301166
0022301167
0022301168
0022301169
0022301170
0022301171
0022301172
0022301174
0022301178
0022301179
0022301180
0022301182
0022301183
0022301184
0022301185
0022301186
0022301187
0022301188
0022301190
0022301192
0022301193
0022301194
0022301195
0022301196
0022301197
0022301198
0022301199
0022301202
0022301203
0022301205
0022301206
0022301207
0022301208
0022301209
0022301210
0022301211
0022301212
0022301213
0022301214
0022301215
0022301216
0022301217
0022301218
0022301219
0022301220
0022301221
0022301222
0022301224
0022301226
0022301227
0022301228
0022301229
0022301230
0022400001
0022400002
0022400003
0022400004
0022400005
0022400007
0022400009
0022400010
0022400011
0022400012
0022400013
0022400014
0022400015
0022400016
0022400018
0022400019
0022400020
0022400021
0022400022
0022400023
0022400024
0022400025
0022400027
0022400028
0022400029
0022400030
0022400031
0022400032
0022400033
0022400034
0022400035
0022400036
0022400037
0022400038
0022400040
0022400041
0022400042
0022400045
0022400046
0022400047
0022400048
0022400049
0022400050
0022400052
0022400053
0022400054
0022400055
0022400056
0022400057
0022400058
0022400059
0022400060
0022400061
0022400062
0022400064
0022400065
0022400066
0022400067
0022400068
0022400069
0022400070
0022400071
0022400072
0022400073
0022400074
0022400075
0022400076
0022400077
0022400079
0022400080
0022400081
0022400082
0022400083
0022400089
0022400090
0022400092
0022400093
0022400094
0022400095
0022400096
0022400097
0022400098
0022400099
0022400100
0022400101
0022400104
0022400105
0022400106
0022400107
0022400108
0022400110
0022400111
0022400112
0022400113
0022400115
0022400116
0022400122
0022400125
0022400126
0022400127
0022400128
0022400129
0022400130
0022400132
0022400133
0022400135
0022400136
0022400137
0022400138
0022400139
0022400140
0022400141
0022400142
0022400143
0022400144
0022400145
0022400146
0022400147
0022400148
0022400152
0022400153
0022400154
0022400155
0022400156
0022400159
0022400160
0022400161
0022400162
0022400164
0022400165
0022400166
0022400167
0022400169
0022400170
0022400171
0022400172
0022400173
0022400174
0022400175
0022400178
0022400179
0022400180
0022400181
0022400182
0022400183
0022400184
0022400185
0022400186
0022400187
0022400188
0022400189
0022400193
0022400194
0022400195
0022400197
0022400198
0022400199
0022400200
0022400202
0022400203
0022400204
0022400206
0022400207
0022400209
0022400210
0022400212
0022400213
0022400214
0022400215
0022400217
0022400219
0022400220
0022400221
0022400222
0022400224
0022400225
0022400227
0022400229
0022400230
0022400231
0022400232
0022400233
0022400235
0022400237
0022400238
0022400239
0022400241
0022400242
0022400243
0022400245
0022400247
0022400249
0022400250
0022400251
0022400252
0022400253
0022400254
0022400255
0022400256
0022400257
0022400258
0022400262
0022400265
0022400266
0022400268
0022400270
0022400272
0022400273
0022400274
0022400275
0022400276
0022400277
0022400278
0022400279
0022400280
0022400281
0022400282
0022400283
0022400285
0022400286
0022400287
0022400288
0022400289
0022400290
0022400291
0022400292
0022400295
0022400297
0022400298
0022400299
0022400300
0022400301
0022400302
0022400305
0022400306
0022400307
0022400308
0022400310
0022400311
0022400313
0022400314
0022400315
0022400316
0022400318
0022400319
0022400321
0022400322
0022400323
0022400324
0022400325
0022400326
0022400327
0022400328
0022400329
0022400330
0022400332
0022400333
0022400334
0022400335
0022400336
0022400337
0022400338
0022400339
0022400340
0022400341
0022400342
0022400344
0022400345
0022400346
0022400351
0022400353
0022400354
0022400355
0022400356
0022400357
0022400358
0022400362
0022400363
0022400364
0022400365
0022400366
0022400367
0022400368
0022400369
0022400370
0022400372
0022400374
0022400375
0022400377
0022400378
0022400379
0022400380
0022400385
0022400386
0022400387
0022400388
0022400389
0022400390
0022400391
0022400393
0022400394
0022400395
0022400396
0022400399
0022400400
0022400402
0022400403
0022400405
0022400406
0022400407
0022400408
0022400411
0022400412
0022400413
0022400414
0022400415
0022400416
0022400417
0022400419
0022400420
0022400421
0022400422
0022400423
0022400424
0022400425
0022400426
0022400427
0022400428
0022400429
0022400430
0022400432
0022400433
0022400435
0022400436
0022400437
0022400438
0022400440
0022400442
0022400444
0022400445
0022400446
0022400447
0022400448
0022400449
0022400450
0022400451
0022400452
0022400454
0022400455
0022400456
0022400457
0022400458
0022400459
0022400460
0022400462
0022400463
0022400465
0022400466
0022400468
0022400469
0022400470
0022400471
0022400472
0022400473
0022400474
0022400476
0022400478
0022400479
0022400482
0022400483
0022400484
0022400485
0022400486
0022400487
0022400488
0022400489
0022400490
0022400491
0022400492
0022400493
0022400496
0022400497
0022400500
0022400501
0022400502
0022400503
0022400504
0022400505
0022400507
0022400508
0022400509
0022400510
0022400511
0022400515
0022400516
0022400517
0022400519
0022400520
0022400523
0022400524
0022400525
0022400526
0022400528
0022400529
0022400531
0022400532
0022400533
0022400534
0022400536
0022400537
0022400538
0022400539
0022400540
0022400541
0022400542
0022400543
0022400544
0022400545
0022400546
0022400547
0022400550
0022400551
0022400552
0022400554
0022400555
0022400556
0022400557
0022400558
0022400559
0022400562
0022400563
0022400564
0022400565
0022400566
0022400567
0022400568
0022400569
0022400570
0022400571
0022400572
0022400574
0022400575
0022400576
0022400577
0022400578
0022400579
0022400580
0022400581
0022400582
0022400583
0022400584
0022400585
0022400587
0022400588
0022400590
0022400591
0022400592
0022400593
0022400594
0022400595
0022400596
0022400597
0022400598
0022400600
0022400601
0022400603
0022400604
0022400605
0022400607
0022400608
0022400609
0022400610
0022400611
0022400612
0022400614
0022400615
0022400616
0022400617
0022400618
0022400619
0022400620
0022400622
0022400623
0022400627
0022400628
0022400629
0022400632
0022400637
0022400638
0022400639
0022400641
0022400642
0022400643
0022400644
0022400645
0022400646
0022400647
0022400648
0022400649
0022400650
0022400652
0022400653
0022400654
0022400655
0022400656
0022400657
0022400658
0022400659
0022400660
0022400661
0022400662
0022400663
0022400665
0022400666
0022400668
0022400669
0022400670
0022400672
0022400673
0022400674
0022400675
0022400676
0022400677
0022400678
0022400679
0022400680
0022400681
0022400682
0022400683
0022400684
0022400685
0022400687
0022400688
0022400689
0022400691
0022400692
0022400693
0022400694
0022400696
0022400698
0022400700
0022400702
0022400703
0022400704
0022400705
0022400707
0022400708
0022400710
0022400711
0022400712
0022400714
0022400715
0022400716
0022400717
0022400718
0022400719
0022400724
0022400725
0022400726
0022400728
0022400729
0022400730
0022400731
0022400732
0022400733
0022400734
0022400735
0022400736
0022400737
0022400738
0022400739
0022400740
0022400741
0022400744
0022400745
0022400746
0022400747
0022400748
0022400749
0022400752
0022400753
0022400754
0022400755
0022400756
0022400757
0022400758
0022400760
0022400762
0022400763
0022400764
0022400765
0022400766
0022400767
0022400768
0022400769
0022400770
0022400771
0022400774
0022400775
0022400777
0022400778
0022400779
0022400780
0022400781
0022400782
0022400783
0022400785
0022400786
0022400787
0022400788
0022400792
0022400793
0022400794
0022400796
0022400797
0022400798
0022400799
0022400800
0022400801
0022400803
0022400804
0022400805
0022400806
0022400807
0022400808
0022400809
0022400810
0022400811
0022400812
0022400813
0022400814
0022400816
0022400817
0022400818
0022400819
0022400820
0022400821
0022400822
0022400823
0022400824
0022400825
0022400826
0022400827
0022400828
0022400829
0022400830
0022400831
0022400832
0022400833
0022400834
0022400835
0022400836
0022400838
0022400839
0022400840
0022400843
0022400846
0022400847
0022400848
0022400849
0022400850
0022400851
0022400852
0022400853
0022400854
0022400855
0022400856
0022400857
0022400858
0022400859
0022400860
0022400861
0022400862
0022400863
0022400864
0022400865
0022400866
0022400868
0022400869
0022400870
0022400871
0022400872
0022400873
0022400874
0022400875
0022400876
0022400877
0022400878
0022400879
0022400880
0022400881
0022400882
0022400883
0022400884
0022400885
0022400886
0022400887
0022400888
0022400889
0022400891
0022400892
0022400893
0022400894
0022400896
0022400898
0022400899
0022400901
0022400902
0022400903
0022400904
0022400905
0022400906
0022400907
0022400908
0022400909
0022400910
0022400911
0022400913
0022400914
0022400916
0022400917
0022400918
0022400919
0022400920
0022400921
0022400922
0022400923
0022400924
0022400926
0022400927
0022400928
0022400929
0022400930
0022400931
0022400932
0022400933
0022400934
0022400935
0022400936
0022400937
0022400938
0022400939
0022400940
0022400941
0022400942
0022400943
0022400944
0022400945
0022400946
0022400947
0022400948
0022400949
0022400950
0022400953
0022400956
0022400957
0022400958
0022400959
0022400960
0022400961
0022400962
0022400963
0022400964
0022400965
0022400966
0022400967
0022400968
0022400969
0022400970
0022400971
0022400972
0022400973
0022400974
0022400975
0022400976
0022400977
0022400978
0022400979
0022400981
0022400983
0022400984
0022400985
0022400986
0022400987
0022400988
0022400989
0022400990
0022400991
0022400992
0022400993
0022400994
0022400995
0022400996
0022400997
0022400999
0022401000
0022401001
0022401003
0022401004
0022401005
0022401006
0022401007
0022401008
0022401011
0022401012
0022401013
0022401014
0022401015
0022401016
0022401017
0022401018
0022401019
0022401020
0022401021
0022401023
0022401024
0022401025
0022401026
0022401027
0022401028
0022401032
0022401033
0022401034
0022401035
0022401036
0022401037
0022401038
0022401039
0022401040
0022401041
0022401042
0022401043
0022401044
0022401045
0022401046
0022401047
0022401048
0022401049
0022401050
0022401051
0022401052
0022401054
0022401056
0022401057
0022401058
0022401059
0022401060
0022401061
0022401062
0022401065
0022401066
0022401067
0022401068
0022401069
0022401070
0022401071
0022401072
0022401073
0022401074
0022401075
0022401077
0022401078
0022401079
0022401081
0022401082
0022401083
0022401084
0022401085
0022401086
0022401087
0022401088
0022401089
0022401090
0022401092
0022401094
0022401095
0022401099
0022401101
0022401102
0022401104
0022401105
0022401106
0022401107
0022401109
0022401110
0022401111
0022401112
0022401113
0022401114
0022401115
0022401116
0022401117
0022401118
0022401119
0022401120
0022401122
0022401124
0022401126
0022401127
0022401128
0022401129
0022401130
0022401131
0022401134
0022401136
0022401138
0022401139
0022401140
0022401141
0022401142
0022401143
0022401144
0022401145
0022401146
0022401147
0022401148
0022401149
0022401150
0022401151
0022401152
0022401153
0022401154
0022401156
0022401157
0022401158
0022401159
0022401160
0022401162
0022401164
0022401165
0022401167
0022401169
0022401170
0022401174
0022401175
0022401176
0022401177
0022401178
0022401179
0022401180
0022401181
0022401182
0022401184
0022401185
0022401186
0022401187
0022401188
0022401189
0022401190
0022401192
0022401193
0022401194
0022401197
0022401198
0022401199
0022401200
0022401201
0022401204
0022401205
0022401206
0022401209
0022401210
0022401211
0022401212
0022401213
0022401214
0022401216
0022401218
0022401219
0022401220
0022401221
0022401222
0022401224
0022401225
0022401226
0022401227
0022401228
0022401230
0022500001
0022500002
0022500003
0022500004
0022500005
0022500007
0022500008
0022500009
0022500010
0022500011
0022500012
0022500013
0022500014
0022500015
0022500017
0022500018
0022500019
0022500020
0022500021
0022500022
0022500023
0022500024
0022500025
0022500026
0022500027
0022500028
0022500029
0022500031
0022500032
0022500033
0022500034
0022500035
0022500036
0022500037
0022500039
0022500040
0022500041
0022500043
0022500044
0022500045
0022500046
0022500049
0022500050
0022500051
0022500053
0022500054
0022500055
0022500056
0022500057
0022500058
0022500059
0022500061
0022500062
0022500063
0022500064
0022500065
0022500066
0022500067
0022500068
0022500069
0022500070
0022500071
0022500073
0022500075
0022500076
0022500077
0022500080
0022500081
0022500082
0022500083
0022500084
0022500085
0022500086
0022500087
0022500088
0022500090
0022500091
0022500092
0022500093
0022500094
0022500095
0022500096
0022500097
0022500098
0022500099
0022500101
0022500102
0022500104
0022500105
0022500106
0022500107
0022500108
0022500109
0022500110
0022500111
0022500112
0022500113
0022500114
0022500115
0022500116
0022500118
0022500119
0022500120
0022500121
0022500122
0022500123
0022500124
0022500125
0022500126
0022500127
0022500128
0022500130
0022500131
0022500132
0022500133
0022500134
0022500135
0022500136
0022500137
0022500138
0022500140
0022500141
0022500142
0022500143
0022500145
0022500146
0022500147
0022500149
0022500150
0022500151
0022500152
0022500153
0022500154
0022500155
0022500156
0022500157
0022500158
0022500159
0022500160
0022500162
0022500164
0022500165
0022500166
0022500168
0022500169
0022500171
0022500172
0022500173
0022500174
0022500175
0022500178
0022500180
0022500181
0022500184
0022500185
0022500186
0022500187
0022500188
0022500190
0022500191
0022500192
0022500193
0022500194
0022500197
0022500199
0022500200
0022500201
0022500202
0022500203
0022500204
0022500206
0022500207
0022500208
0022500209
0022500210
0022500211
0022500212
0022500213
0022500214
0022500215
0022500217
0022500218
0022500219
0022500220
0022500221
0022500223
0022500225
0022500226
0022500227
0022500228
0022500230
0022500231
0022500233
0022500234
0022500235
0022500237
0022500238
0022500240
0022500241
0022500242
0022500243
0022500244
0022500245
0022500246
0022500247
0022500248
0022500249
0022500251
0022500253
0022500254
0022500255
0022500256
0022500258
0022500259
0022500260
0022500261
0022500262
0022500263
0022500264
0022500265
0022500266
0022500267
0022500268
0022500269
0022500270
0022500271
0022500272
0022500273
0022500275
0022500276
0022500277
0022500278
0022500279
0022500280
0022500281
0022500282
0022500283
0022500284
0022500285
0022500286
0022500289
0022500290
0022500292
0022500294
0022500295
0022500296
0022500297
0022500298
0022500299
0022500301
0022500303
0022500305
0022500306
0022500307
0022500308
0022500309
0022500310
0022500311
0022500312
0022500313
0022500314
0022500315
0022500316
0022500317
0022500318
0022500319
0022500320
0022500321
0022500322
0022500323
0022500324
0022500325
0022500326
0022500328
0022500329
0022500330
0022500332
0022500333
0022500334
0022500336
0022500337
0022500339
0022500340
0022500341
0022500342
0022500344
0022500345
0022500346
0022500347
0022500348
0022500349
0022500350
0022500351
0022500352
0022500353
0022500354
0022500355
0022500356
0022500357
0022500358
0022500360
0022500361
0022500362
0022500363
0022500364
0022500365
0022500366
0022500367
0022500368
0022500369
0022500370
0022500371
0022500372
0022500373
0022500375
0022500376
0022500377
0022500378
0022500379
0022500382
0022500383
0022500384
0022500385
0022500386
0022500387
0022500390
0022500392
0022500393
0022500394
0022500395
0022500396
0022500397
0022500398
0022500400
0022500401
0022500403
0022500405
0022500406
0022500407
0022500408
0022500409
0022500410
0022500411
0022500412
0022500413
0022500414
0022500416
0022500418
0022500419
0022500420
0022500421
0022500422
0022500423
0022500425
0022500426
0022500428
0022500429
0022500431
0022500432
0022500433
0022500435
0022500436
0022500437
0022500439
0022500441
0022500443
0022500445
0022500448
0022500449
0022500450
0022500451
0022500452
0022500453
0022500454
0022500456
0022500457
0022500459
0022500462
0022500463
0022500464
0022500465
0022500466
0022500467
0022500470
0022500471
0022500472
0022500474
0022500475
0022500476
0022500477
0022500478
0022500479
0022500481
0022500482
0022500483
0022500484
0022500485
0022500486
0022500488
0022500489
0022500491
0022500492
0022500493
0022500495
0022500496
0022500497
0022500498
0022500499
0022500501
0022500502
0022500503
0022500504
0022500505
0022500506
0022500508
0022500509
0022500510
0022500511
0022500512
0022500513
0022500514
0022500516
0022500517
0022500519
0022500520
0022500524
0022500525
0022500526
0022500527
0022500530
0022500531
0022500532
0022500533
0022500535
0022500537
0022500538
0022500539
0022500540
0022500541
0022500544
0022500545
0022500546
0022500547
0022500548
0022500549
0022500550
0022500551
0022500552
0022500553
0022500554
0022500556
0022500557
0022500558
0022500559
0022500560
0022500562
0022500563
0022500565
0022500566
0022500568
0022500569
0022500571
0022500572
0022500574
0022500575
0022500577
0022500579
0022500580
0022500581
0022500583
0022500584
0022500585
0022500586
0022500587
0022500588
0022500589
0022500590
0022500591
0022500592
0022500593
0022500594
0022500595
0022500596
0022500597
0022500598
0022500599
0022500600
0022500601
0022500604
0022500606
0022500608
0022500609
0022500610
0022500611
0022500612
0022500613
0022500614
0022500615
0022500618
0022500620
0022500621
0022500622
0022500623
0022500624
0022500625
0022500626
0022500627
0022500628
0022500629
0022500631
0022500633
0022500635
0022500636
0022500637
0022500638
0022500639
0022500640
0022500641
0022500642
0022500643
0022500645
0022500646
0022500648
0022500649
0022500650
0022500653
0022500654
0022500655
0022500656
0022500657
0022500658
0022500659
0022500660
0022500661
0022500662
0022500665
0022500666
0022500668
0022500669
0022500670
0022500671
0022500672
0022500673
0022500674
0022500676
0022500677
0022500678
0022500679
0022500687
0022500689
0022500690
0022500691
0022500692
0022500693
0022500694
0022500695
0022500696
0022500698
0022500699
0022500700
0022500701
0022500702
0022500703
0022500704
0022500706
0022500707
0022500708
0022500709
0022500710
0022500711
0022500714
0022500715
0022500716
0022500717
0022500718
0022500719
0022500721
0022500722
0022500723
0022500724
0022500726
0022500727
0022500728
0022500729
0022500730
0022500731
0022500733
0022500734
0022500735
0022500737
0022500738
0022500739
0022500741
0022500742
0022500743
0022500744
0022500745
0022500747
0022500748
0022500749
0022500750
0022500752
0022500753
0022500754
0022500756
0022500757
0022500759
0022500760
0022500761
0022500762
0022500763
0022500765
0022500767
0022500768
0022500769
0022500770
0022500771
0022500772
0022500773
0022500775
0022500776
0022500777
0022500778
0022500780
0022500782
0022500783
0022500784
0022500785
0022500786
0022500787
0022500788
0022500790
0022500791
0022500792
0022500793
0022500795
0022500798
0022500800
0022500802
0022500803
0022500804
0022500805
0022500806
0022500807
0022500808
0022500809
0022500810
0022500811
0022500812
0022500813
0022500815
0022500816
0022500818
0022500820
0022500822
0022500823
0022500824
0022500825
0022500826
0022500827
0022500828
0022500829
0022500831
0022500832
0022500833
0022500835
0022500836
0022500837
0022500839
0022500840
0022500841
0022500842
0022500843
0022500844
0022500846
0022500847
0022500848
0022500850
0022500852
0022500853
0022500854
0022500855
0022500856
0022500860
0022500862
0022500863
0022500864
0022500865
0022500866
0022500867
0022500868
0022500869
0022500870
0022500872
0022500873
0022500874
0022500875
0022500877
0022500878
0022500879
0022500880
0022500881
0022500882
0022500883
0022500884
0022500886
0022500887
0022500889
0022500890
0022500892
0022500893
0022500894
0022500895
0022500896
0022500897
0022500898
0022500899
0022500900
0022500901
0022500902
0022500903
0022500906
0022500907
0022500908
0022500910
0022500911
0022500912
0022500913
0022500914
0022500915
0022500916
0022500917
0022500918
0022501201
0022501202
0022501203
0022501204
0022501205
0022501206
0022501207
0022501209
0022501210
0022501211
0022501212
0022501213
0022501214
0022501215
0022501217
0022501218
0022501221
0022501222
0022501223
0022501224
0022501225
0022501226
0022501230